"source_order"	"written"	"reading"	"meaning_en"	"frequency_rank"	"source_revision"
"1"	"相変わらず"	"あいかわらず"	"as usual; as always; as before; as ever; still"	"2629"	"88447965"
"2"	""	"アイデア"	"idea"	"3314"	"88447965"
"3"	"曖昧"	"あいまい"	"[1] vague; ambiguous; unclear [2] shady; disreputable [3] fuzzy"	"3339"	"88447965"
"4"	"扇ぐ"	"あおぐ"	"[1] to fan [2] to incite; to instigate"	"N/A"	"88447965"
"5"	"青白い"	"あおじろい"	"[1] pale; pallid [2] bluish-white"	"N/A"	"88447965"
"6"	"呆れる"	"あきれる"	"to be amazed; to be shocked; to be astonished; to be astounded; to be disgusted; to be exasperated; to be fed up"	"4957"	"88447965"
"7"	""	"アクセント"	"[1] accent (on a syllable, word); stress; pitch accent [2] intonation; inflection; cadence [3] (language) accent (e.g. American, British)"	"N/A"	"88447965"
"8"	"欠伸"	"あくび"	"[1] yawn; yawning [2] kanji ""yawning"" radical (radical 76)"	"N/A"	"88447965"
"9"	"飽くまで"	"あくまで"	"[1] to the end; to the bitter end; to the last; stubbornly; persistently; consistently; to the utmost [2] after all; it must be remembered; only; purely; simply"	"1482"	"88447965"
"10"	"明け方"	"あけがた"	"dawn; daybreak"	"N/A"	"88447965"
"11"	"憧れる"	"あこがれる"	"to long for; to yearn for; to hanker after; to be attracted by; to be drawn to; to aspire to; to admire; to adore"	"3389"	"88447965"
"12"	"足跡"	"あしあと"	"[1] footprints [2] record of page visitors (e.g. in social networking sites)"	"N/A"	"88447965"
"13"	"味わう"	"あじわう"	"[1] to taste; to savor; to savour; to relish [2] to appreciate; to enjoy; to relish; to digest [3] to experience; to go through; to taste (e.g. victory); to know (e.g. pain)"	"1891"	"88447965"
"14"	"預かる"	"あずかる"	"[1] to look after; to take care of; to keep; to hold on to; to keep in custody [2] to be put in charge of; to be given responsibility for; to be entrusted with [3] to withhold (an announcement); to reserve (judgment); to leave undecided"	"3749"	"88447965"
"15"	"温める"	"あたためる"	"[1] to warm (up); to heat (up) [2] to sit on (an idea, plan, etc.); to keep to oneself; to nurse; to mull over [3] to renew (an old friendship)"	"2485"	"88447965"
"16"	"当たり前"	"あたりまえ"	"[1] natural; reasonable; obvious [2] usual; common; ordinary; commonplace; the norm"	"1159"	"88447965"
"17"	"圧縮"	"あっしゅく"	"[1] compression [2] condensing; shortening; summarizing [3] compression (of data)"	"N/A"	"88447965"
"18"	"厚かましい"	"あつかましい"	"impudent; shameless; brazen; cheeky; presumptuous"	"N/A"	"88447965"
"19"	"当てはまる"	"あてはまる"	"to apply (of a rule); to be applicable (of standards, lessons, ideas, etc.); to hold true (e.g. of a description); to fit; to be suitable (e.g. of a word); to meet (requirements); to fulfill (conditions); to come under (a heading)"	"4244"	"88447965"
"20"	"当てはめる"	"あてはめる"	"to apply; to adapt"	"N/A"	"88447965"
"21"	"暴れる"	"あばれる"	"to act violently; to rage; to struggle; to be riotous"	"N/A"	"88447965"
"22"	"溢れる"	"あふれる"	"to overflow; to brim over; to flood"	"1668"	"88447965"
"23"	"脂"	"あぶら"	"fat; tallow; lard; grease"	"N/A"	"88447965"
"24"	"炙る"	"あぶる"	"[1] to warm (e.g. one's hands over a fire); to dry [2] to toast; to grill; to broil; to roast; to scorch"	"N/A"	"88447965"
"25"	"雨戸"	"あまど"	"sliding storm shutter"	"N/A"	"88447965"
"26"	"甘やかす"	"あまやかす"	"to pamper; to spoil"	"N/A"	"88447965"
"27"	"余る"	"あまる"	"to remain; to be left over; to be in excess; to be too many"	"3459"	"88447965"
"28"	"編み物"	"あみもの"	"knitting; knitted material; crochet"	"N/A"	"88447965"
"29"	"編む"	"あむ"	"[1] to knit; to plait; to braid [2] to compile (anthology, dictionary, etc.); to edit"	"3175"	"88447965"
"30"	"危うい"	"あやうい"	"[1] dangerous; in danger; facing imminent danger [2] precarious (situation); perilous (state, balance, etc.); in doubt; in jeopardy; uncertain; insecure; concerning; worrying"	"N/A"	"88447965"
"31"	"怪しい"	"あやしい"	"[1] suspicious; dubious; questionable; dodgy; shady; fishy [2] doubtful; unsure; uncertain; unlikely; implausible [3] untrustworthy; unreliable; clumsy; awkward; shaky; poor"	"3788"	"88447965"
"32"	"荒い"	"あらい"	"[1] rough; wild; violent; rude; coarse; harsh; fierce; heavy (e.g. breathing) [2] immoderate; extravagant; reckless"	"N/A"	"88447965"
"33"	"粗筋"	"あらすじ"	"outline; summary; argument"	"N/A"	"88447965"
"34"	"争う"	"あらそう"	"[1] to compete; to contest; to contend [2] to quarrel; to argue; to dispute; to be at variance; to oppose [3] to deny (e.g. evidence)"	"3631"	"88447965"
"35"	"改めて"	"あらためて"	"[1] another time; again; over again; once again; anew [2] formally; especially; intentionally; deliberately"	"2044"	"88447965"
"36"	"改める"	"あらためる"	"[1] to change; to alter; to revise; to replace [2] to reform; to correct; to mend; to improve [3] to examine; to check; to inspect"	"1841"	"88447965"
"37"	"著す"	"あらわす"	"to write; to publish"	"N/A"	"88447965"
"38"	"有難い"	"ありがたい"	"grateful; thankful; welcome; appreciated; evoking gratitude"	"2208"	"88447965"
"39"	"彼是"	"あれこれ"	"[1] this and that; this or that; one thing or another; this way and that [2] around; about; round about; roughly; nearly; almost"	"4229"	"88447965"
"40"	"慌ただしい"	"あわただしい"	"[1] busy; hectic; hurried; rushed [2] rapid; quick; sudden"	"N/A"	"88447965"
"41"	"慌てる"	"あわてる"	"[1] to become confused (disconcerted, disorganized, disorganised); to be flustered; to panic [2] to hurry; to rush; to hasten"	"1920"	"88447965"
"42"	"安易"	"あんい"	"[1] easy; simple [2] easygoing; lighthearted; simplistic; irresponsible; careless; quick (to do)"	"N/A"	"88447965"
"43"	"案外"	"あんがい"	"[1] unexpectedly; surprisingly [2] unexpected; unanticipated; unforeseen; surprising"	"4825"	"88447965"
"44"	""	"アンテナ"	"[1] antenna [2] thing or method used to collect information or opinions"	"N/A"	"88447965"
"45"	"言い出す"	"いいだす"	"[1] to begin to say; to start talking; to broach (a matter); to bring up; to come out with [2] to be the first to say; to suggest (doing); to propose"	"3922"	"88447965"
"46"	"言いつける"	"いいつける"	"[1] to tell (to do); to order; to direct; to instruct [2] to tell (on someone); to report; to snitch [3] to often say; to be used to saying"	"N/A"	"88447965"
"47"	"生き生き"	"いきいき"	"in a lively way; vividly; freshly; animatedly; actively; energetically"	"3607"	"88447965"
"48"	"行き成り"	"いきなり"	"abruptly; suddenly; all of a sudden; without warning"	"1104"	"88447965"
"49"	"意義"	"いぎ"	"meaning; significance"	"3388"	"88447965"
"50"	"育児"	"いくじ"	"childcare; child-rearing; nursing; upbringing"	"3822"	"88447965"
"51"	"幾分"	"いくぶん"	"[1] somewhat; to some extent; to some degree [2] some; part; portion"	"N/A"	"88447965"
"52"	"生け花"	"いけばな"	"[1] ikebana; Japanese art of flower arrangement [2] fresh flower; natural flower [3] Seika"	"N/A"	"88447965"
"53"	"以降"	"いこう"	"on and after; from ... onward; since"	"N/A"	"88447965"
"54"	""	"イコール"	"[1] equal; equivalent [2] equals sign; equality sign [3] equals (as in ""A equals B"")"	"4417"	"88447965"
"55"	"以後"	"いご"	"[1] after this; from now on; hereafter [2] thereafter; since (then); after"	"3810"	"88447965"
"56"	"勇ましい"	"いさましい"	"[1] brave; valiant; gallant; courageous [2] stirring; vigorous; rousing"	"N/A"	"88447965"
"57"	"衣食住"	"いしょくじゅう"	"food, clothing and shelter; necessities of life"	"N/A"	"88447965"
"58"	"意地悪"	"いじわる"	"malicious; ill-tempered; unkind; mean; nasty"	"N/A"	"88447965"
"59"	"一々"	"いちいち"	"[1] one-by-one; separately [2] every single; each and every; without omission; fully; in detail"	"3519"	"88447965"
"60"	"一応"	"いちおう"	"[1] more or less; though not quite satisfactorily; after a fashion; pretty much; roughly; so far as it goes; technically [2] tentatively; for the time being [3] just in case"	"415"	"88447965"
"61"	"一段"	"いちだん"	"[1] even more; still more; much more; further [2] one step; one rung; one level; one grade; one rank [3] one paragraph; one passage"	"4998"	"88447965"
"62"	"一流"	"いちりゅう"	"[1] first-class; first-rate; top-flight; top-ranking; leading; eminent; top [2] characteristic (of); peculiar (to); unique (to) [3] school (e.g. of flower arrangement)"	"N/A"	"88447965"
"63"	"一昨昨日"	"いっさくさくじつ"	"two days before yesterday; three days back (ago)"	"N/A"	"88447965"
"64"	"一斉"	"いっせい"	"simultaneous; all at once"	"3738"	"88447965"
"65"	"一旦"	"いったん"	"[1] once [2] for a short time; briefly; temporarily [3] one morning"	"1942"	"88447965"
"66"	"一定"	"いってい"	"[1] to fix; to settle; to standardize; to regularize [2] constant; definite; uniform; defined; certain; prescribed"	"1657"	"88447965"
"67"	"行ってまいります"	"いってまいります"	"good bye; I'm off; see you later"	"N/A"	"88447965"
"68"	"行ってらっしゃい"	"いってらっしゃい"	"have a good day; take care; see you"	"N/A"	"88447965"
"69"	"佚"	"いつ"	"being comfortable; relaxing"	"N/A"	"88447965"
"70"	"いつの間にか"	"いつのまにか"	"before one knows; before one becomes aware of; unnoticed; unawares"	"N/A"	"88447965"
"71"	"移転"	"いてん"	"[1] moving; relocation; change of address [2] transfer (of deeds, property, etc.); demise"	"3565"	"88447965"
"72"	"従姉妹"	"いとこ"	"cousin (female)"	"N/A"	"88447965"
"73"	"緯度"	"いど"	"latitude"	"N/A"	"88447965"
"74"	"井戸"	"いど"	"water well"	"4722"	"88447965"
"75"	"威張る"	"いばる"	"to put on airs; to act big; to throw one's weight about; to be overbearing; to be domineering; to be bossy; to be pushy; to be proud; to be haughty; to be arrogant; to swagger; to boast; to brag"	"N/A"	"88447965"
"76"	"嫌がる"	"いやがる"	"to appear uncomfortable (with); to seem to hate; to express dislike"	"3095"	"88447965"
"77"	"愈"	"いよいよ"	"[1] more and more; all the more; increasingly [2] at last; finally; beyond doubt [3] (at the) last moment; worst possible time"	"1612"	"88447965"
"78"	"炒る"	"いる"	"to roast; to parch; to toast; to boil down"	"N/A"	"88447965"
"79"	"入れ物"	"いれもの"	"[1] container; case; receptacle [2] coffin; casket"	"N/A"	"88447965"
"80"	""	"インタビュー"	"interview (on television, in a newspaper, etc.)"	"3647"	"88447965"
"81"	"引力"	"いんりょく"	"[1] attraction (e.g. magnetic, gravitation); affinity; gravitational pull [2] attractiveness; magnetism"	"N/A"	"88447965"
"82"	""	"ウェイトレス"	"waitress"	"N/A"	"88447965"
"83"	"植木"	"うえき"	"[1] garden plant; garden tree [2] potted plant"	"N/A"	"88447965"
"84"	"飢える"	"うえる"	"[1] to starve; to be famished; to be hungry [2] to be starved of (e.g. love); to be thirsty for (e.g. knowledge); to be hungry for"	"N/A"	"88447965"
"85"	"浮かぶ"	"うかぶ"	"[1] to float; to be suspended [2] to rise to the surface; to appear; to emerge; to show up; to loom (up) [3] to come to mind; to have inspiration"	"1394"	"88447965"
"86"	"浮かべる"	"うかべる"	"[1] to float; to set afloat; to launch [2] to show on one's face (smile, sadness, etc.) [3] to recall; to call to mind; to imagine; to think of"	"2998"	"88447965"
"87"	"浮く"	"うく"	"[1] to float [2] to become merry; to be cheerful [3] to become loose; to become unsteady"	"2904"	"88447965"
"88"	"承る"	"うけたまわる"	"[1] to hear; to be told; to know [2] to receive (order); to undertake; to comply; to take (a reservation, etc.)"	"N/A"	"88447965"
"89"	"受け取り"	"うけとり"	"receiving; receipt"	"N/A"	"88447965"
"90"	"受け持つ"	"うけもつ"	"to take (be in) charge of"	"N/A"	"88447965"
"91"	"薄暗い"	"うすぐらい"	"dim; gloomy"	"N/A"	"88447965"
"92"	"薄める"	"うすめる"	"to dilute; to water down"	"N/A"	"88447965"
"93"	"打ち合わせ"	"うちあわせ"	"[1] (preparatory) meeting; briefing session; (making) advance arrangements [2] overlap (of a coat, etc.) [3] making something match exactly"	"3948"	"88447965"
"94"	"打ち消す"	"うちけす"	"[1] to deny; to contradict [2] to negate (esp. a sound); to drown out"	"N/A"	"88447965"
"95"	""	"うっかり"	"carelessly; thoughtlessly; inadvertently"	"N/A"	"88447965"
"96"	"映す"	"うつす"	"to project; to reflect; to cast (shadow)"	"N/A"	"88447965"
"97"	"映る"	"うつる"	"to be reflected; to harmonize with (harmonise); to come out (photo); to be projected; to be displayed (on a screen)"	"2594"	"88447965"
"98"	"写る"	"うつる"	"to be photographed; to be projected"	"3999"	"88447965"
"99"	"饂飩"	"うどん"	"udon; thick Japanese wheat noodles"	"4941"	"88447965"
"100"	"有無"	"うむ"	"[1] existence or nonexistence; presence or absence [2] consent or refusal; yes or no"	"3899"	"88447965"
"101"	"埋める"	"うめる"	"[1] to bury (e.g. in the ground) [2] to fill up (e.g. audience fills a hall); to cause to be packed [3] to plug (a gap); to stop (a gap); to bridge (a difference, a gap); to fill (a seat, a vacant position); to fill out (a form, a sheet)"	"2353"	"88447965"
"102"	"敬う"	"うやまう"	"to show respect for; to revere; to honour; to honor; to worship; to hold in esteem"	"N/A"	"88447965"
"103"	"裏返す"	"うらがえす"	"to turn inside out; to turn the other way; to turn (something) over"	"N/A"	"88447965"
"104"	"裏口"	"うらぐち"	"[1] backdoor; rear entrance; rear exit [2] unauthorized; illicit; illegal"	"N/A"	"88447965"
"105"	"占う"	"うらなう"	"[1] to tell someone's fortune; to divine (the future) [2] to predict; to forecast"	"N/A"	"88447965"
"106"	"恨み"	"うらみ"	"[1] resentment; grudge; malice; bitterness [2] matter for regret; regret"	"N/A"	"88447965"
"107"	"恨む"	"うらむ"	"to bear a grudge against; to resent; to blame; to curse; to feel bitter towards"	"N/A"	"88447965"
"108"	"羨ましい"	"うらやましい"	"[1] envious; jealous [2] enviable (position, etc.)"	"3380"	"88447965"
"109"	"羨む"	"うらやむ"	"to envy; to be envious of; to be jealous of"	"N/A"	"88447965"
"110"	"売り上げ"	"うりあげ"	"amount sold; sales; proceeds; takings; turnover"	"3011"	"88447965"
"111"	"売り切れ"	"うりきれ"	"sold-out"	"N/A"	"88447965"
"112"	"売り切れる"	"うりきれる"	"to be sold out"	"N/A"	"88447965"
"113"	"売れ行き"	"うれゆき"	"sales; demand"	"N/A"	"88447965"
"114"	""	"うろうろ"	"[1] restlessly; aimlessly; without purpose [2] to loiter; to drift; to hang about doing nothing; to wander aimlessly; to be restless [3] to be restless; to fuss; to be in a fidget"	"N/A"	"88447965"
"115"	"運河"	"うんが"	"[1] (navigable) canal; waterway [2] Unga"	"N/A"	"88447965"
"116"	""	"うんと"	"[1] a great deal; very much; a lot [2] with a great amount of effort"	"N/A"	"88447965"
"117"	""	"ウーマン"	"[1] woman [2] Uman (Russia)"	"N/A"	"88447965"
"118"	""	"ウール"	"[1] wool [2] Eure (France)"	"N/A"	"88447965"
"119"	"英文"	"えいぶん"	"[1] English writing; English sentence; English text [2] English literature; English lit"	"N/A"	"88447965"
"120"	"英和"	"えいわ"	"[1] English-Japanese [2] English-Japanese dictionary"	"N/A"	"88447965"
"121"	"液体"	"えきたい"	"liquid"	"N/A"	"88447965"
"122"	""	"エチケット"	"[1] politeness; good manners; courtesy; etiquette [2] (wine) label"	"N/A"	"88447965"
"123"	""	"えっと"	"let me see; well; errr ...; uhh ..."	"90"	"88447965"
"124"	""	"エプロン"	"[1] apron [2] apron (airport) [3] apron (stage)"	"N/A"	"88447965"
"125"	"偉い"	"えらい"	"[1] great; excellent; admirable; commendable; laudable; honorable; wonderful; outstanding; extraordinary [2] distinguished; important; high-ranking; powerful; eminent; famous [3] awful; terrible; serious; tremendous; great; mighty; severe"	"1720"	"88447965"
"126"	"宴会"	"えんかい"	"party; banquet; reception; feast; dinner"	"N/A"	"88447965"
"127"	"園芸"	"えんげい"	"horticulture; gardening"	"N/A"	"88447965"
"128"	"演劇"	"えんげき"	"drama; theatre; theater; play"	"3207"	"88447965"
"129"	"円周"	"えんしゅう"	"circumference"	"N/A"	"88447965"
"130"	"遠足"	"えんそく"	"[1] school trip; field trip; excursion; outing [2] long walk; excursion (on foot)"	"N/A"	"88447965"
"131"	"延長"	"えんちょう"	"[1] extension; elongation; prolongation; lengthening [2] (total) length [3] extension (e.g. of one's work); continuation"	"3288"	"88447965"
"132"	"煙突"	"えんとつ"	"[1] chimney; smokestack; funnel (of a ship); stovepipe [2] carrying a passenger without turning on the taximeter"	"N/A"	"88447965"
"133"	"追いかける"	"おいかける"	"[1] to chase; to run after; to pursue [2] subsequently; following that; (and) then"	"2931"	"88447965"
"134"	"追い越す"	"おいこす"	"[1] to pass (e.g. car); to overtake [2] to surpass; to outstrip; to get ahead of; to outdistance"	"N/A"	"88447965"
"135"	""	"オイル"	"[1] oil; petroleum [2] oil; lubricant; grease [3] (cooking) oil"	"N/A"	"88447965"
"136"	"応援"	"おうえん"	"[1] aid; assistance; help; support; reinforcement [2] cheering; rooting (for); support"	"1775"	"88447965"
"137"	"王女"	"おうじょ"	"princess"	"N/A"	"88447965"
"138"	"応ずる"	"おうずる"	"[1] to answer; to respond; to meet [2] to satisfy; to accept"	"1122"	"88447965"
"139"	"応接"	"おうせつ"	"reception (e.g. of visitors); dealing with"	"N/A"	"88447965"
"140"	"応対"	"おうたい"	"dealing with (people, customers, complaints, etc.); receiving (callers, visitors, etc.); attending to; handling; serving"	"N/A"	"88447965"
"141"	"往復"	"おうふく"	"[1] making a round trip; going and returning; coming and going [2] round-trip ticket; return ticket [3] correspondence; exchanging (of letters)"	"4131"	"88447965"
"142"	"欧米"	"おうべい"	"[1] Europe and the United States; Europe and America; the West [2] Europe & America"	"3304"	"88447965"
"143"	"応用"	"おうよう"	"[1] (practical) application; putting to practical use [2] applied (e.g. physics, linguistics, research)"	"4360"	"88447965"
"144"	"大雑把"	"おおざっぱ"	"[1] rough (estimate, summary, etc.); broad; general; sweeping; loose [2] careless (e.g. work); sloppy; crude"	"N/A"	"88447965"
"145"	"大通り"	"おおどおり"	"[1] main street; avenue; boulevard [2] Oodoori"	"N/A"	"88447965"
"146"	"大凡"	"おおよそ"	"[1] about; roughly; approximately [2] generally; on the whole; as a rule [3] completely; quite; entirely; altogether; totally; not at all (with neg. verb)"	"N/A"	"88447965"
"147"	"お帰り"	"おかえり"	"[1] return [2] welcome home"	"N/A"	"88447965"
"148"	"お掛け下さい"	"おかけください"	"please sit down; please have a seat"	"N/A"	"88447965"
"149"	"お陰様で"	"おかげさまで"	"[1] thankfully; fortunately; luckily; by God's grace; under the gods' shadow [2] thanks to your (his, their, everyone's, etc.) kindness; thanks to your assistance; thanks to your support; thanks to your efforts"	"N/A"	"88447965"
"150"	"お菜"	"おかず"	"[1] small dish (usu. one of several accompanying rice); side dish [2] fill; fill-in (drumming) [3] jack-off material; something to masturbate to"	"4735"	"88447965"
"151"	"お代わり"	"おかわり"	"[1] another helping; second helping; seconds; refill [2] other paw!"	"N/A"	"88447965"
"152"	"拝む"	"おがむ"	"[1] to assume the posture of praying; to press the palms and fingers of both hands together; to do reverence (e.g. before a statue of the Buddha); to pay one's respects [2] to beg; to make a supplication [3] to see (something or someone of high status)"	"N/A"	"88447965"
"153"	"お気の毒に"	"おきのどくに"	"my sympathies; that's too bad; my condolences"	"N/A"	"88447965"
"154"	"補う"	"おぎなう"	"to supplement; to make up for; to compensate for; to cover (a shortage, loss, etc.); to fill (e.g. a vacancy)"	"4743"	"88447965"
"155"	"屋外"	"おくがい"	"outdoors; outside"	"N/A"	"88447965"
"156"	"送り仮名"	"おくりがな"	"kana written after a kanji to complete the full (usually kun) reading of the word; declensional kana ending"	"N/A"	"88447965"
"157"	"怠る"	"おこたる"	"[1] to neglect; to be negligent in; to be neglectful of; to fail to do; to leave undone; to avoid (doing); to shirk; to be unmindful of [2] to improve (of an illness); to get better"	"N/A"	"88447965"
"158"	"押さえる"	"おさえる"	"[1] to pin down; to hold down; to press down; to hold in place; to hold steady [2] to cover (esp. a part of one's body with one's hand); to clutch (a body part in pain); to press (a body part) [3] to get a hold of; to obtain; to seize; to catch; to arrest"	"1169"	"88447965"
"159"	"お先に"	"おさきに"	"[1] before; previously [2] ahead [3] pardon me for leaving (before you)"	"N/A"	"88447965"
"160"	"治める"	"おさめる"	"[1] to rule; to govern; to reign over; to administer; to manage (e.g. a household) [2] to subdue; to suppress; to quell; to settle (e.g. a dispute)"	"N/A"	"88447965"
"161"	"惜しい"	"おしい"	"[1] regrettable; disappointing; unfortunate [2] precious; dear; valuable [3] too good for; deserving better"	"N/A"	"88447965"
"162"	"お洒落"	"おしゃれ"	"[1] stylish; fashionable; trendy; chic; smartly dressed; careful about one's appearance [2] dressing (oneself) up; dressing smartly; dressing nicely; making oneself look attractive [3] fashionable dresser; smartly dressed person"	"2182"	"88447965"
"163"	"お辞儀"	"おじぎ"	"bow; bowing"	"N/A"	"88447965"
"164"	"伯父さん"	"おじさん"	"[1] uncle [2] old man; mister [3] manybar goatfish (Parupeneus multifasciatus)"	"1108"	"88447965"
"165"	"お邪魔します"	"おじゃまします"	"please excuse the intrusion; I'm coming in"	"N/A"	"88447965"
"166"	"教わる"	"おそわる"	"to be taught; to learn; to take lessons in"	"2733"	"88447965"
"167"	"お大事に"	"おだいじに"	"take care of yourself; get well soon"	"N/A"	"88447965"
"168"	"落ち着く"	"おちつく"	"[1] to calm down; to compose oneself; to regain presence of mind; to relax [2] to calm down; to settle down; to die down; to become stable; to abate [3] to settle down (in a location, job, etc.); to settle in"	"1116"	"88447965"
"169"	"お手伝いさん"	"おてつだいさん"	"maid"	"N/A"	"88447965"
"170"	"お出かけ"	"おでかけ"	"[1] about to start out; just about to leave or go out [2] outing; trip"	"N/A"	"88447965"
"171"	"落し物"	"おとしもの"	"[1] lost property; something dropped and left behind [2] dropping something (without realising); losing something"	"N/A"	"88447965"
"172"	"大人しい"	"おとなしい"	"[1] gentle; quiet; mild; meek; obedient; docile; well-behaved; tame [2] quiet (color, pattern, etc.); sober"	"3161"	"88447965"
"173"	"脅かす"	"おどかす"	"[1] to threaten; to menace; to intimidate [2] to startle; to frighten; to scare"	"N/A"	"88447965"
"174"	"驚かす"	"おどろかす"	"to surprise; to frighten; to create a stir"	"N/A"	"88447965"
"175"	"お願いします"	"おねがいします"	"please"	"N/A"	"88447965"
"176"	"お早う"	"おはよう"	"good morning"	"4410"	"88447965"
"177"	"お参り"	"おまいり"	"visit (to a shrine, grave, etc.); worship"	"N/A"	"88447965"
"178"	"お待たせしました"	"おまたせしました"	"thank you for waiting; sorry to have kept you waiting"	"N/A"	"88447965"
"179"	"お待ちどおさま"	"おまちどおさま"	"I'm sorry to have kept you waiting"	"N/A"	"88447965"
"180"	"お目出度い"	"おめでたい"	"[1] (matter) for congratulations; worthy of celebration; happy (occasion, ending, etc.); joyous; auspicious [2] naive; too good-natured; gullible; foolish; simple"	"N/A"	"88447965"
"181"	"思いがけない"	"おもいがけない"	"unexpected; contrary to expectations; by chance; casual"	"N/A"	"88447965"
"182"	"思い込む"	"おもいこむ"	"[1] to be convinced (that); to be under the impression (that); to feel sure (that); to assume (that) [2] to make up one's mind; to set one's heart on; to be determined (to do); to be bent on [3] to be obsessed (with a thought, idea, etc.); to think about obsessively"	"3682"	"88447965"
"183"	"思いっきり"	"おもいっきり"	"[1] to one's heart's content; as much as one wants; as hard as one can; with all one's strength; to the best of one's ability; to the utmost; with determination; hard; heavily [2] resolution; decisiveness; determination; resignation"	"N/A"	"88447965"
"184"	"思いつく"	"おもいつく"	"[1] to think of; to hit upon; to come into one's mind; to be struck with an idea [2] to remember; to recall"	"2586"	"88447965"
"185"	"お休み"	"おやすみ"	"[1] holiday; day off; absence [2] sleep; rest [3] good night"	"N/A"	"88447965"
"186"	"お八つ"	"おやつ"	"[1] between-meal snack [2] mid-afternoon (around 3 o'clock) snack; afternoon refreshment; afternoon tea"	"N/A"	"88447965"
"187"	"親指"	"おやゆび"	"[1] thumb [2] big toe"	"N/A"	"88447965"
"188"	""	"オルガン"	"organ (musical instrument)"	"N/A"	"88447965"
"189"	"卸す"	"おろす"	"[1] to sell wholesale [2] to grate (e.g. vegetables) [3] to cut up fish"	"N/A"	"88447965"
"190"	"恩恵"	"おんけい"	"grace; favor; favour; blessing; benefit"	"N/A"	"88447965"
"191"	"温室"	"おんしつ"	"greenhouse; hothouse; conservatory; glasshouse"	"N/A"	"88447965"
"192"	"温泉"	"おんせん"	"[1] hot spring [2] onsen; hot spring resort; hot spring spa"	"1697"	"88447965"
"193"	"温帯"	"おんたい"	"temperate zone"	"N/A"	"88447965"
"194"	"女の人"	"おんなのひと"	"woman"	"N/A"	"88447965"
"195"	""	"オーケストラ"	"orchestra"	"N/A"	"88447965"
"196"	""	"オートメーション"	"automation"	"N/A"	"88447965"
"197"	""	"オーバーコート"	"overcoat"	"N/A"	"88447965"
"198"	"蚊"	"か"	"mosquito"	"4055"	"88447965"
"199"	"開会"	"かいかい"	"opening of a meeting"	"N/A"	"88447965"
"200"	"会館"	"かいかん"	"meeting hall; assembly hall"	"N/A"	"88447965"
"201"	"解散"	"かいさん"	"[1] breaking up (a meeting, gathering, etc.); dispersal (e.g. of a crowd) [2] dissolution (of a company, organization, etc.); winding-up; disbandment; split-up [3] dissolution (of the Diet, Parliament, etc.)"	"3515"	"88447965"
"202"	"海水浴"	"かいすいよく"	"swimming in the ocean; sea bathing; seawater bath; going for a dip in the ocean"	"N/A"	"88447965"
"203"	"回数"	"かいすう"	"number of times; frequency; count"	"4029"	"88447965"
"204"	"回数券"	"かいすうけん"	"coupon tickets; discount tickets; book of tickets"	"N/A"	"88447965"
"205"	"改正"	"かいせい"	"revision; amendment; alteration"	"2091"	"88447965"
"206"	"快晴"	"かいせい"	"clear weather; cloudless weather; good weather"	"N/A"	"88447965"
"207"	"解説"	"かいせつ"	"explanation; commentary; exposition; elucidation"	"2478"	"88447965"
"208"	"改造"	"かいぞう"	"[1] remodeling; remodelling; reconstruction; conversion; alteration; renovation; modification; reshuffling (e.g. a cabinet); reorganization; restructuring [2] modding"	"N/A"	"88447965"
"209"	"開通"	"かいつう"	"[1] opening (of a new road, railway, etc.); going into operation (e.g. telephone communication); beginning services [2] reopening (e.g. of a road to traffic); resumption of services"	"N/A"	"88447965"
"210"	"回転"	"かいてん"	"[1] rotation; revolution; turn; spin [2] working (e.g. of one's mind); function [3] turnover (of goods, funds, etc.); circulation; flow (of customers)"	"3517"	"88447965"
"211"	"回答"	"かいとう"	"reply; answer"	"1443"	"88447965"
"212"	"解答"	"かいとう"	"answer; solution"	"N/A"	"88447965"
"213"	"開放"	"かいほう"	"[1] opening (a door, window, etc.); leaving open [2] opening up (e.g. to the public); allowing (public) access"	"N/A"	"88447965"
"214"	"解放"	"かいほう"	"[1] release; unleashing; liberation; emancipation; setting free [2] deallocation (of computer memory)"	"2922"	"88447965"
"215"	"海洋"	"かいよう"	"[1] ocean; sea [2] Kaiyou"	"N/A"	"88447965"
"216"	"帰す"	"かえす"	"to send (someone) back; to send (someone) home"	"N/A"	"88447965"
"217"	"却って"	"かえって"	"on the contrary; rather; instead; all the more"	"2021"	"88447965"
"218"	"返る"	"かえる"	"[1] to return; to come back; to go back [2] to turn over [3] to become extremely; to become completely"	"197"	"88447965"
"219"	"家屋"	"かおく"	"house; building"	"N/A"	"88447965"
"220"	"関わる"	"かかわる"	"[1] to be involved (in); to get involved (in); to concern oneself (with); to take part (in); to interfere (in) [2] to relate to (a matter); to pertain to; to concern; to have to do with [3] to (seriously) affect; to concern; to have a serious bearing (on)"	"665"	"88447965"
"221"	"書き取り"	"かきとり"	"[1] writing down from other written material; writing kanji text from hiragana [2] transcription (of spoken material); dictation"	"N/A"	"88447965"
"222"	"垣根"	"かきね"	"[1] hedge; fence [2] border; limit"	"N/A"	"88447965"
"223"	"掻く"	"かく"	"[1] to scratch [2] to perspire [3] to shovel; to paddle"	"N/A"	"88447965"
"224"	"架空"	"かくう"	"[1] fictitious; imaginary; fanciful; fabricated [2] aerial; overhead"	"N/A"	"88447965"
"225"	"各自"	"かくじ"	"each (person); everyone; individual; respective"	"N/A"	"88447965"
"226"	"拡充"	"かくじゅう"	"expansion"	"N/A"	"88447965"
"227"	"各地"	"かくち"	"each place; every place; various places; all parts (of the country, world, etc.)"	"2582"	"88447965"
"228"	"角度"	"かくど"	"angle"	"3527"	"88447965"
"229"	"格別"	"かくべつ"	"[1] particular; special; exceptional; especial [2] particularly; especially; exceptionally"	"N/A"	"88447965"
"230"	"確率"	"かくりつ"	"probability; likelihood; chances"	"3576"	"88447965"
"231"	"嗅ぐ"	"かぐ"	"to sniff; to smell"	"N/A"	"88447965"
"232"	"掛け算"	"かけざん"	"multiplication"	"N/A"	"88447965"
"233"	"可決"	"かけつ"	"approval; adoption (of a motion, bill, etc.); passage"	"N/A"	"88447965"
"234"	"ｘ"	"ばつ"	"[1] x (mark); cross [2] MDMA; ecstasy; molly"	"N/A"	"88447965"
"235"	"火口"	"かこう"	"[1] (volcanic) crater; caldera [2] burner (of a boiler)"	"N/A"	"88447965"
"236"	"下降"	"かこう"	"descent; fall; drop; decline; downturn; subsidence"	"N/A"	"88447965"
"237"	"重なる"	"かさなる"	"[1] to be piled up; to lie on top of one another [2] to come one after another; to happen over and over; to pile up (e.g. stress); to accumulate [3] to overlap (each other); to occur at the same time; to happen simultaneously"	"2581"	"88447965"
"238"	"重ねる"	"かさねる"	"[1] to pile up; to heap up; to stack up; to put on top of another [2] to repeat many times over; to go through repeatedly; to accumulate"	"1582"	"88447965"
"239"	"飾り"	"かざり"	"decoration; ornament; trimmings"	"N/A"	"88447965"
"240"	"火山"	"かざん"	"volcano"	"N/A"	"88447965"
"241"	"畏まりました"	"かしこまりました"	"certainly!"	"N/A"	"88447965"
"242"	"過失"	"かしつ"	"[1] accident (caused by negligence); error; blunder [2] fault; defect"	"N/A"	"88447965"
"243"	"貸間"	"かしま"	"room to let; room for rent"	"N/A"	"88447965"
"244"	"貸家"	"かしや"	"house for rent"	"N/A"	"88447965"
"245"	"果実"	"かじつ"	"[1] fruit; nut; berry [2] fruits; profit"	"N/A"	"88447965"
"246"	"過剰"	"かじょう"	"excess; surplus; superabundance; overabundance"	"N/A"	"88447965"
"247"	"齧る"	"かじる"	"[1] to gnaw; to nibble; to bite; to munch; to crunch [2] to dabble in; to know a little bit about; to learn a little of; to have a smattering of"	"N/A"	"88447965"
"248"	""	"カセット"	"[1] cassette (tape) [2] game cartridge"	"N/A"	"88447965"
"249"	"下線"	"かせん"	"underline; underscore"	"N/A"	"88447965"
"250"	"課税"	"かぜい"	"taxation"	"N/A"	"88447965"
"251"	"加速"	"かそく"	"acceleration; speeding up"	"N/A"	"88447965"
"252"	"加速度"	"かそくど"	"acceleration"	"N/A"	"88447965"
"253"	"片仮名"	"カタカナ"	"katakana; angular Japanese syllabary used primarily for loanwords"	"N/A"	"88447965"
"254"	"片付く"	"かたづく"	"[1] to be put in order; to be put to rights [2] to be disposed of; to be solved [3] to be finished"	"N/A"	"88447965"
"255"	"固まり"	"かたまり"	"[1] lump; mass; bundle; clump; clod; cluster [2] group; crowd [3] embodiment (of an idea, quality, feeling etc.); personification"	"2939"	"88447965"
"256"	"固まる"	"かたまる"	"[1] to harden; to solidify [2] to become firm; to become certain [3] to gather (together); to assemble; to huddle together"	"3064"	"88447965"
"257"	"片道"	"かたみち"	"[1] one-way (trip) [2] one-way ticket"	"N/A"	"88447965"
"258"	"傾く"	"かたむく"	"[1] to incline toward; to slant; to lurch; to heel over; to be disposed to; to trend toward; to be prone to [2] to go down (sun, moon); to sink [3] to decline; to wane; to ebb; to fall away"	"N/A"	"88447965"
"259"	"偏る"	"かたよる"	"[1] to lean (to one side); to incline [2] to be unbalanced (e.g. diet); to be unduly weighted towards; to be concentrated on [3] to be partial; to be biased; to be prejudiced"	"N/A"	"88447965"
"260"	"括弧"	"かっこ"	"brackets; parentheses"	"N/A"	"88447965"
"261"	"担ぐ"	"かつぐ"	"[1] to shoulder; to carry on one's shoulder [2] to nominate for a position; to choose as a representative [3] to take (someone) for a ride; to deceive; to take in"	"4548"	"88447965"
"262"	"活字"	"かつじ"	"[1] printing type; movable type [2] printed text; print"	"N/A"	"88447965"
"263"	"活躍"	"かつやく"	"[1] activity (esp. energetic or successful); great efforts; active participation [2] walking about with great vigor"	"1447"	"88447965"
"264"	"活力"	"かつりょく"	"vitality; energy; dynamism"	"N/A"	"88447965"
"265"	"過程"	"かてい"	"process; course; mechanism"	"1918"	"88447965"
"266"	"課程"	"かてい"	"course; curriculum"	"N/A"	"88447965"
"267"	"仮定"	"かてい"	"[1] assumption; supposition; hypothesis [2] supposition"	"4021"	"88447965"
"268"	"仮名"	"かな"	"kana; Japanese syllabaries (i.e. hiragana and katakana)"	"N/A"	"88447965"
"269"	"仮名遣い"	"かなづかい"	"kana orthography; syllabary spelling"	"N/A"	"88447965"
"270"	"鐘"	"かね"	"bell (often a large hanging bell); chime"	"4765"	"88447965"
"271"	"加熱"	"かねつ"	"heating; application of heat"	"N/A"	"88447965"
"272"	"兼ねる"	"かねる"	"[1] to be unable to; to find difficult (unpleasant, awkward, painful) to do [2] to serve two or more functions or roles simultaneously; to contain (or combine) two or more features [3] to work in two or more jobs simultaneously (positions, etc.); to do alongside"	"3567"	"88447965"
"273"	"過半数"	"かはんすう"	"majority"	"N/A"	"88447965"
"274"	""	"カバー"	"[1] cover; covering; dust jacket; wrapper [2] covering (a song); cover; cover version [3] coverage"	"3975"	"88447965"
"275"	"被せる"	"かぶせる"	"[1] to cover (with something) [2] to put on (e.g. someone's head) [3] to pour liquid (on something); to dash liquid (over something)"	"N/A"	"88447965"
"276"	"釜"	"かま"	"iron pot; kettle"	"N/A"	"88447965"
"277"	"紙くず"	"かみくず"	"wastepaper; scrap of paper; paper scraps"	"N/A"	"88447965"
"278"	"神様"	"かみさま"	"[1] God; god; deity; divinity; spirit; kami [2] ace; king; superior person; god (amongst men)"	"2447"	"88447965"
"279"	"剃刀"	"かみそり"	"razor"	"N/A"	"88447965"
"280"	"貨物"	"かもつ"	"[1] cargo; freight [2] money or assets"	"N/A"	"88447965"
"281"	"痒い"	"かゆい"	"itchy"	"4849"	"88447965"
"282"	"歌謡"	"かよう"	"song; ballad"	"N/A"	"88447965"
"283"	"殻"	"から"	"shell; husk; hull; pod; chaff"	"N/A"	"88447965"
"284"	"揶揄う"	"からかう"	"to tease; to make fun of; to poke fun at; to make a crack about; to chaff; to kid; to joke; to banter; to pull someone's leg"	"N/A"	"88447965"
"285"	"空っぽ"	"からっぽ"	"empty; vacant; hollow"	"N/A"	"88447965"
"286"	""	"カラー"	"[1] color; colour [2] color; character; characteristics; atmosphere [3] coloring (one's hair); dyeing"	"4869"	"88447965"
"287"	"歌留多"	"カルタ"	"karuta; traditional Japanese playing cards, esp. hyakunin isshu karuta or iroha karuta"	"N/A"	"88447965"
"288"	"枯れる"	"かれる"	"[1] to wither (of a plant); to be blasted; to die [2] to mature (of one's personality, abilities, etc.)"	"4715"	"88447965"
"289"	""	"カロリー"	"calorie"	"N/A"	"88447965"
"290"	"可愛がる"	"かわいがる"	"[1] to be affectionate to; to treat tenderly; to dote on; to show one's love (for); to cherish [2] to show favouritism to; to be partial to [3] to fondle; to caress; to pet"	"3181"	"88447965"
"291"	"乾かす"	"かわかす"	"to dry (clothes, etc.); to desiccate"	"N/A"	"88447965"
"292"	"渇く"	"かわく"	"[1] to be thirsty; to feel thirsty [2] to thirst for; to crave"	"N/A"	"88447965"
"293"	"為替"	"かわせ"	"[1] money order; draft [2] exchange (e.g. foreign)"	"N/A"	"88447965"
"294"	"瓦"	"かわら"	"roof tile"	"N/A"	"88447965"
"295"	"替わる"	"かわる"	"[1] to succeed; to relieve; to replace [2] to take the place of; to substitute for; to take over for; to represent; to hand over (telephone) [3] to be exchanged; to change (places with); to switch"	"N/A"	"88447965"
"296"	"間隔"	"かんかく"	"[1] space; interval [2] space character; whitespace"	"N/A"	"88447965"
"297"	"換気"	"かんき"	"ventilation"	"N/A"	"88447965"
"298"	"感激"	"かんげき"	"deep emotion; impression; inspiration"	"2903"	"88447965"
"299"	"関西"	"かんさい"	"[1] Kansai (region comprising Kyoto, Osaka, Kobe and surrounding prefectures) [2] Kansai (western half of Japan; during the feudal era) [3] Kansei"	"3337"	"88447965"
"300"	"鑑賞"	"かんしょう"	"appreciation (of art, music, poetry, etc.)"	"N/A"	"88447965"
"301"	"間接"	"かんせつ"	"indirection; indirectness"	"N/A"	"88447965"
"302"	"感想"	"かんそう"	"impressions; thoughts; feelings; reactions"	"1887"	"88447965"
"303"	"乾燥"	"かんそう"	"[1] dryness; aridity; drying (e.g. clothes); dehydration; desiccation [2] insipidity"	"2775"	"88447965"
"304"	"観測"	"かんそく"	"[1] observation; survey; measurement [2] opinion; prediction; thinking"	"N/A"	"88447965"
"305"	"寒帯"	"かんたい"	"frigid zone"	"N/A"	"88447965"
"306"	"勘違い"	"かんちがい"	"misunderstanding; mistaken idea; wrong guess"	"3637"	"88447965"
"307"	"官庁"	"かんちょう"	"government office; government agency; authorities"	"N/A"	"88447965"
"308"	"缶詰"	"かんづめ"	"[1] canned food; tinned food [2] confining someone (e.g. so they can concentrate on work) [3] being stuck in a confined space"	"3229"	"88447965"
"309"	"乾電池"	"かんでんち"	"dry cell battery"	"N/A"	"88447965"
"310"	"関東"	"かんとう"	"[1] Kantō (region comprising Tokyo and surrounding prefectures) [2] Kantō (eastern half of Japan; during the feudal era)"	"3714"	"88447965"
"311"	"観念"	"かんねん"	"[1] idea; notion; concept; conception [2] sense (e.g. of duty) [3] resignation (to one's fate); acceptance; preparedness"	"N/A"	"88447965"
"312"	"看板"	"かんばん"	"[1] signboard; sign; billboard; hoarding; doorplate [2] draw; attraction; feature; highlight; spokesman; figurehead [3] reputation (of a shop); name"	"3451"	"88447965"
"313"	"看病"	"かんびょう"	"nursing (a patient)"	"N/A"	"88447965"
"314"	"冠"	"かんむり"	"[1] traditional cap worn by Shinto clergy and courtiers [2] crown; diadem; coronet [3] top kanji radical"	"N/A"	"88447965"
"315"	"漢和"	"かんわ"	"[1] China and Japan [2] Chinese and Japanese (languages) [3] dictionary with Japanese definitions of kanji and kanji compounds; kanji dictionary"	"N/A"	"88447965"
"316"	""	"カーブ"	"[1] curve; turn; bend [2] curveball; curve ball"	"N/A"	"88447965"
"317"	"外部"	"がいぶ"	"[1] outside (e.g. of a building); exterior [2] outside (of a group, company, etc.); outside world"	"3719"	"88447965"
"318"	"概論"	"がいろん"	"introduction; outline; general remarks"	"N/A"	"88447965"
"319"	"学術"	"がくじゅつ"	"science; learning; scholarship; arts and sciences; academic pursuits"	"N/A"	"88447965"
"320"	"学年"	"がくねん"	"[1] academic year; school year [2] year in school; grade in school"	"4806"	"88447965"
"321"	"学部"	"がくぶ"	"department (of a university); faculty; school; college"	"4670"	"88447965"
"322"	"学力"	"がくりょく"	"scholarly ability; scholarship; knowledge; literary ability"	"N/A"	"88447965"
"323"	"学科"	"がっか"	"[1] subject (of study); course of study [2] department (of a university)"	"N/A"	"88447965"
"324"	"学会"	"がっかい"	"learned society; scientific society; academy; academic meeting; academic conference"	"N/A"	"88447965"
"325"	"楽器"	"がっき"	"musical instrument"	"1751"	"88447965"
"326"	"学級"	"がっきゅう"	"(school) class"	"N/A"	"88447965"
"327"	""	"ガム"	"[1] chewing gum [2] gum; rubber"	"N/A"	"88447965"
"328"	"気圧"	"きあつ"	"atmospheric pressure"	"N/A"	"88447965"
"329"	"機関車"	"きかんしゃ"	"locomotive; engine"	"N/A"	"88447965"
"330"	"着替え"	"きがえ"	"changing clothes; change of clothes"	"N/A"	"88447965"
"331"	"飢饉"	"ききん"	"[1] famine; crop failure [2] chronic shortage (e.g. of water)"	"N/A"	"88447965"
"332"	"期限"	"きげん"	"[1] term; period; time frame [2] time limit; deadline; cutoff (date)"	"4865"	"88447965"
"333"	"記号"	"きごう"	"sign; symbol; mark"	"N/A"	"88447965"
"334"	"刻む"	"きざむ"	"[1] to mince; to cut fine; to chop up; to hash; to shred [2] to carve; to engrave; to chisel; to notch [3] to tick away (time); to beat out (e.g. rhythm); to record the passing moments"	"3163"	"88447965"
"335"	"起床"	"きしょう"	"rising (from one's bed); getting up; getting out of bed"	"N/A"	"88447965"
"336"	"基準"	"きじゅん"	"standard; criterion; norm; benchmark; measure; gauge; basis"	"1600"	"88447965"
"337"	"着せる"	"きせる"	"[1] to put clothes on (someone); to dress; to clothe [2] to cover; to coat; to plate; to gild; to veneer [3] to pin (e.g. a crime on someone); to lay (blame); to charge (with an offence); to give (a bad name); to remind someone of (their indebtedness)"	"4852"	"88447965"
"338"	"基礎"	"きそ"	"foundation; basis"	"2398"	"88447965"
"339"	"気体"	"きたい"	"gas; vapour; vapor; gaseous body"	"N/A"	"88447965"
"340"	"基地"	"きち"	"base (military, expedition, etc.)"	"N/A"	"88447965"
"341"	"切っ掛け"	"きっかけ"	"[1] chance; start; cue; excuse; motive; impetus; occasion [2] Kikkake"	"811"	"88447965"
"342"	"基盤"	"きばん"	"[1] base; basis; foundation; footing; infrastructure [2] bedrock [3] platform"	"3621"	"88447965"
"343"	"客席"	"きゃくせき"	"[1] guest seating (e.g. theater, stadium); passenger seat (e.g. taxi) [2] audience"	"N/A"	"88447965"
"344"	"客間"	"きゃくま"	"drawing room; parlor; parlour; guest room"	"N/A"	"88447965"
"345"	""	"キャンパス"	"campus"	"N/A"	"88447965"
"346"	"休業"	"きゅうぎょう"	"suspension of business; temporary closure (of a store, school, etc.); shutdown; holiday"	"N/A"	"88447965"
"347"	"休講"	"きゅうこう"	"cancellation (of a lecture, class, etc.)"	"N/A"	"88447965"
"348"	"休息"	"きゅうそく"	"[1] rest; relief; relaxation [2] Kyuusoku"	"N/A"	"88447965"
"349"	"給与"	"きゅうよ"	"[1] pay; salary; wages [2] allowance; grant; supply; providing with"	"N/A"	"88447965"
"350"	"強化"	"きょうか"	"[1] strengthening; intensifying; reinforcement; enhancement; solidification [2] reinforcement"	"1877"	"88447965"
"351"	"境界"	"きょうかい"	"boundary; border; limit; bounds; frontier"	"N/A"	"88447965"
"352"	"恐縮"	"きょうしゅく"	"[1] feeling (much) obliged; being (very) grateful; being thankful [2] feeling sorry (for troubling someone); feeling ashamed (e.g. of an error); feeling embarrassed (e.g. by someone's compliments, hospitality, etc.) [3] shrinking back in fear"	"N/A"	"88447965"
"353"	"教養"	"きょうよう"	"(understanding or appreciation of) culture; (one's) education; cultivation; sophistication; refinement"	"N/A"	"88447965"
"354"	"曲線"	"きょくせん"	"curve"	"N/A"	"88447965"
"355"	"清い"	"きよい"	"[1] clean; clear [2] pure; honest; clean; innocent; platonic; chaste"	"N/A"	"88447965"
"356"	"規律"	"きりつ"	"[1] order; observance; discipline [2] rules; law; regulations"	"N/A"	"88447965"
"357"	"斬る"	"きる"	"to kill (a human) using a blade (sword, machete, knife, etc.); to slice (off); to lop (off); to cut (off)"	"N/A"	"88447965"
"358"	"気をつける"	"きをつける"	"to be careful; to pay attention; to take care"	"N/A"	"88447965"
"359"	"金魚"	"きんぎょ"	"goldfish (Carassius auratus)"	"N/A"	"88447965"
"360"	"儀式"	"ぎしき"	"[1] ceremony; rite; ritual; service [2] Gishiki"	"4637"	"88447965"
"361"	""	"ぎっしり"	"tightly (packed); densely; closely; crammed"	"N/A"	"88447965"
"362"	""	"ギャング"	"[1] gang [2] gangster"	"N/A"	"88447965"
"363"	"行事"	"ぎょうじ"	"event; function"	"2481"	"88447965"
"364"	"行列"	"ぎょうれつ"	"[1] line; queue; procession; parade [2] matrix"	"4491"	"88447965"
"365"	"漁業"	"ぎょぎょう"	"fishing industry; fishery"	"N/A"	"88447965"
"366"	"区域"	"くいき"	"area; zone; district; quarter; section; limits; boundary"	"N/A"	"88447965"
"367"	"空想"	"くうそう"	"daydream; fantasy; fancy; vision"	"N/A"	"88447965"
"368"	"空中"	"くうちゅう"	"sky; air; mid-air"	"N/A"	"88447965"
"369"	"釘"	"くぎ"	"nail; spike; tack; rivet; brad; (pachinko) pin"	"N/A"	"88447965"
"370"	"区切る"	"くぎる"	"[1] to divide; to separate; to partition; to demarcate; to delimit; to mark off [2] to punctuate; to mark off (with a comma); to insert pauses (between words or phrases when reading aloud); to space one's words"	"N/A"	"88447965"
"371"	"櫛"	"くし"	"comb"	"N/A"	"88447965"
"372"	"嚏"	"くしゃみ"	"[1] sneeze [2] spoken twice in response to someone sneezing as a charm against an early death"	"N/A"	"88447965"
"373"	"苦情"	"くじょう"	"complaint; troubles; objection; grievance"	"4433"	"88447965"
"374"	"薬指"	"くすりゆび"	"[1] ring finger; third finger; fourth finger (in piano-playing) [2] fourth toe"	"N/A"	"88447965"
"375"	"屑"	"くず"	"[1] waste; scrap; garbage; dregs [2] scum; piece of trash; loser"	"N/A"	"88447965"
"376"	"崩す"	"くずす"	"[1] to destroy; to demolish; to pull down; to tear down; to level [2] to disturb; to put into disorder; to throw off balance; to make shaky [3] to relax (one's pose); to make oneself at ease"	"3402"	"88447965"
"377"	"崩れる"	"くずれる"	"[1] to collapse; to crumble [2] to get out of shape; to lose one's shape; to become disorganized; to become untidy [3] to break down; to be thrown into disarray"	"2794"	"88447965"
"378"	"草臥れる"	"くたびれる"	"[1] to get tired; to become exhausted; to grow weary [2] to become worn out; to become battered (from long use) [3] to get tired of (doing); to get fed up with"	"N/A"	"88447965"
"379"	"砕ける"	"くだける"	"[1] to break (into pieces); to be broken; to be smashed [2] to collapse; to crumble; to decline; to cool (e.g. enthusiasm); to dampen (e.g. one's will to fight) [3] to become less formal; to throw off reserve; to become affable"	"N/A"	"88447965"
"380"	"下らない"	"くだらない"	"[1] trivial; trifling; insignificant; not worth bothering with; worthless; useless; good-for-nothing [2] stupid; nonsensical; absurd; foolish; silly"	"N/A"	"88447965"
"381"	"下る"	"くだる"	"[1] to descend; to go down; to come down [2] to be handed down (of an order, judgment, etc.) [3] to pass (of time)"	"2157"	"88447965"
"382"	"唇"	"くちびる"	"lip; lips"	"2139"	"88447965"
"383"	"口紅"	"くちべに"	"lipstick"	"N/A"	"88447965"
"384"	"くっ付く"	"くっつく"	"[1] to adhere to; to stick to; to cling to [2] to keep close to; to go along with [3] to get involved with; to be thick with; to become intimate"	"3352"	"88447965"
"385"	"くっ付ける"	"くっつける"	"[1] to attach; to stick together; to paste; to glue [2] to place together; to put side by side [3] to make (someone) get married; to get (someone) hitched"	"N/A"	"88447965"
"386"	"句読点"	"くとうてん"	"punctuation mark"	"N/A"	"88447965"
"387"	"配る"	"くばる"	"[1] to distribute; to hand out; to deliver; to deal out; to serve out [2] to allot; to allocate; to place (staff, soldiers, etc.); to station"	"2603"	"88447965"
"388"	"工夫"	"くふう"	"[1] devising (a way); contriving; inventing; thinking up; figuring out; coming up with; working out [2] device; design; idea; plan; invention [3] dedication to spiritual improvement (esp. through Zen meditation)"	"1698"	"88447965"
"389"	"区分"	"くぶん"	"[1] division; section; demarcation; partition; segmentation; compartment; (traffic) lane [2] classification; sorting; grouping; segmentation [3] division"	"4756"	"88447965"
"390"	"組み合わせ"	"くみあわせ"	"[1] combination; assortment; set [2] matching (in a contest); pairing [3] combination"	"3168"	"88447965"
"391"	"組み立てる"	"くみたてる"	"[1] to assemble; to put together; to set up; to construct; to build; to compose (a story, poem, etc.) [2] to form (words, sentences, etc.)"	"4824"	"88447965"
"392"	"汲む"	"くむ"	"[1] to draw (water); to ladle; to dip up; to scoop up; to pump [2] to pour (into a cup); to drink (together) [3] to consider (feelings, the situation, etc.); to sympathize with; to intuit; to understand"	"N/A"	"88447965"
"393"	"酌む"	"くむ"	"[1] to pour (sake); to serve; to drink (together) [2] to consider (feelings, the situation, etc.); to sympathize with; to intuit; to understand"	"N/A"	"88447965"
"394"	"悔しい"	"くやしい"	"frustrated (over a failure, humiliation or injustice); annoyed; chagrined; (bitterly) disappointed; bitter; vexed; frustrating; annoying; regrettable"	"2448"	"88447965"
"395"	"悔やむ"	"くやむ"	"[1] to mourn; to lament [2] to be sorry; to regret; to repent"	"N/A"	"88447965"
"396"	""	"クリーニング"	"cleaning; dry cleaning; laundry service"	"N/A"	"88447965"
"397"	"呉れ呉れも"	"くれぐれも"	"[1] sincerely; earnestly; wholeheartedly [2] repeatedly; over and over; again and again"	"N/A"	"88447965"
"398"	"咥える"	"くわえる"	"[1] to hold in one's mouth [2] to bring with; to take along"	"N/A"	"88447965"
"399"	""	"クーラー"	"[1] air conditioner [2] cooler"	"N/A"	"88447965"
"400"	"偶数"	"ぐうすう"	"even number"	"N/A"	"88447965"
"401"	"郡"	"ぐん"	"[1] district; county [2] district (of 2-20 50-home neighbourhoods or townships, in the ritsuryō period) [3] commandery (in China)"	"N/A"	"88447965"
"402"	"稽古"	"けいこ"	"[1] practice; practising; training; study [2] Keiko"	"4246"	"88447965"
"403"	"蛍光灯"	"けいこうとう"	"[1] fluorescent lamp; fluorescent light [2] person who is slow to react; someone slow on the uptake"	"N/A"	"88447965"
"404"	"敬語"	"けいご"	"honorific; term of respect; polite expression; honorific language"	"N/A"	"88447965"
"405"	"形式"	"けいしき"	"[1] form (as opposed to substance) [2] format; form; style; manner [3] formality; form"	"3765"	"88447965"
"406"	"継続"	"けいぞく"	"continuation; continuance; going on"	"2651"	"88447965"
"407"	"系統"	"けいとう"	"[1] system [2] lineage; ancestry; family line [3] group (e.g. of colors) (colours); family (e.g. of languages); party; school (of thought)"	"N/A"	"88447965"
"408"	"経度"	"けいど"	"longitude"	"N/A"	"88447965"
"409"	"競馬"	"けいば"	"horse racing"	"3403"	"88447965"
"410"	"警備"	"けいび"	"defense; defence; guard; policing; security"	"N/A"	"88447965"
"411"	"形容詞"	"けいようし"	"adjective; i-adjective (in Japanese)"	"N/A"	"88447965"
"412"	"形容動詞"	"けいようどうし"	"adjectival noun (in Japanese); quasi-adjective; nominal adjective; na-, taru-, nari- or tari-adjective"	"N/A"	"88447965"
"413"	"毛皮"	"けがわ"	"[1] fur; skin; pelt [2] kanji ""fur"" radical"	"N/A"	"88447965"
"414"	"削る"	"けずる"	"[1] to shave (wood, leather, etc.); to sharpen (e.g. pencil); to plane; to whittle; to pare; to scrape off; to erode [2] to cut down (budget, expenses, staff, time, etc.); to curtail; to reduce [3] to delete; to erase; to remove; to cross out; to strike out"	"2213"	"88447965"
"415"	"桁"	"けた"	"[1] column; beam; girder; crossbeam; spar; yard [2] digit; decade; order of magnitude"	"N/A"	"88447965"
"416"	"傑作"	"けっさく"	"[1] masterpiece; masterwork; chef d'oeuvre; fine piece of work [2] (unintentionally) hilarious; absurd (e.g. blunder); outrageous; wild"	"N/A"	"88447965"
"417"	"血圧"	"けつあつ"	"blood pressure"	"N/A"	"88447965"
"418"	"血液"	"けつえき"	"blood"	"3093"	"88447965"
"419"	"蹴る"	"ける"	"[1] to kick [2] to refuse; to reject [3] to stamp (on the ground); to firmly press one's feet (against something)"	"3823"	"88447965"
"420"	"険しい"	"けわしい"	"[1] precipitous; rugged; inaccessible; impregnable; steep [2] grim; severe; stern"	"N/A"	"88447965"
"421"	"見学"	"けんがく"	"[1] inspection; study by observation; field trip; tour; review [2] sitting out (e.g. PE class)"	"3358"	"88447965"
"422"	"謙虚"	"けんきょ"	"modest; humble"	"N/A"	"88447965"
"423"	"研修"	"けんしゅう"	"training (esp. in-service); induction course"	"2942"	"88447965"
"424"	"県庁"	"けんちょう"	"[1] prefectural office [2] Kenchou"	"N/A"	"88447965"
"425"	"顕微鏡"	"けんびきょう"	"microscope"	"N/A"	"88447965"
"426"	"芸能"	"げいのう"	"[1] public entertainment; performing arts [2] accomplishments; attainments"	"N/A"	"88447965"
"427"	"外科"	"げか"	"[1] surgery (branch of medicine) [2] department of surgery"	"N/A"	"88447965"
"428"	"激増"	"げきぞう"	"sharp increase; sudden rise"	"N/A"	"88447965"
"429"	"下車"	"げしゃ"	"alighting (from a train, bus, etc.); getting off; getting out (of a car)"	"N/A"	"88447965"
"430"	"下水"	"げすい"	"[1] drainage; ditch; gutter; sewerage [2] sewage; black water"	"N/A"	"88447965"
"431"	"下駄"	"げた"	"[1] geta; traditional Japanese wooden sandal [2] turn (in set-type proofing); upside-down character [3] net; geta"	"N/A"	"88447965"
"432"	"月給"	"げっきゅう"	"monthly salary"	"N/A"	"88447965"
"433"	"下品"	"げひん"	"vulgar; indecent; coarse; crude"	"N/A"	"88447965"
"434"	"原稿"	"げんこう"	"manuscript; copy; draft; notes; contribution"	"3354"	"88447965"
"435"	"原産"	"げんさん"	"place of origin; habitat"	"N/A"	"88447965"
"436"	"原始"	"げんし"	"[1] origin; beginning; genesis [2] primeval; primordial; primitive"	"N/A"	"88447965"
"437"	"現に"	"げんに"	"actually; really"	"3776"	"88447965"
"438"	"原理"	"げんり"	"principle; theory; fundamental truth"	"4173"	"88447965"
"439"	"原料"	"げんりょう"	"raw materials; ingredient"	"4405"	"88447965"
"440"	"恋しい"	"こいしい"	"yearned for; longed for; missed"	"N/A"	"88447965"
"441"	"乞う"	"こう"	"[1] to beg; to ask; to request; to invite [2] to pray; to wish"	"N/A"	"88447965"
"442"	"斯うして"	"こうして"	"thus; in this way"	"N/A"	"88447965"
"443"	"工員"	"こういん"	"factory worker"	"N/A"	"88447965"
"444"	"公害"	"こうがい"	"pollution; public nuisance; contamination"	"N/A"	"88447965"
"445"	"高級"	"こうきゅう"	"[1] high-class; high-grade; high-quality; high-end; luxury [2] high-ranking; high-level; senior"	"N/A"	"88447965"
"446"	"公共"	"こうきょう"	"public (facilities, service, etc.); communal"	"4539"	"88447965"
"447"	"工芸"	"こうげい"	"industrial arts; craft"	"N/A"	"88447965"
"448"	"孝行"	"こうこう"	"[1] filial piety [2] showing devotion (to someone)"	"N/A"	"88447965"
"449"	"交差"	"こうさ"	"[1] crossing; intersection [2] (genetic) crossing over"	"N/A"	"88447965"
"450"	"講師"	"こうし"	"[1] speaker; lecturer [2] lecturer (at a university or college); instructor [3] part-time teacher"	"2637"	"88447965"
"451"	"公式"	"こうしき"	"[1] official; formal [2] formula (e.g. mathematical) [3] official (social media) account (of a company, organization, etc.)"	"N/A"	"88447965"
"452"	"校舎"	"こうしゃ"	"school building; schoolhouse"	"N/A"	"88447965"
"453"	"公衆"	"こうしゅう"	"the public; general public"	"N/A"	"88447965"
"454"	"工事"	"こうじ"	"construction work"	"2876"	"88447965"
"455"	"香水"	"こうすい"	"perfume; scent"	"N/A"	"88447965"
"456"	"公正"	"こうせい"	"justice; fairness; impartiality"	"N/A"	"88447965"
"457"	"光線"	"こうせん"	"beam; light ray"	"N/A"	"88447965"
"458"	"高層"	"こうそう"	"[1] high-rise (building); multistory; multistoried; tall [2] high (altitude); upper (atmosphere, air current, etc.)"	"N/A"	"88447965"
"459"	"構造"	"こうぞう"	"structure; construction; makeup; framework; organization; pattern"	"1926"	"88447965"
"460"	"交代"	"こうたい"	"change; alternation; rotation; replacement; substitution; shift; relief; taking turns"	"3976"	"88447965"
"461"	"耕地"	"こうち"	"[1] arable land; plantation; farmland [2] fazenda; hacienda; large estate"	"N/A"	"88447965"
"462"	"交通機関"	"こうつうきかん"	"(means of) transportation; transport; transportation facilities; transportation system; transit system"	"N/A"	"88447965"
"463"	"校庭"	"こうてい"	"schoolyard; school playground; school grounds; campus"	"N/A"	"88447965"
"464"	"高等"	"こうとう"	"high class; high grade"	"N/A"	"88447965"
"465"	"高度"	"こうど"	"[1] altitude; height; elevation [2] high-degree; high-grade; advanced; sophisticated; strong"	"2924"	"88447965"
"466"	"後輩"	"こうはい"	"junior (at work, school, etc.); younger people; younger student"	"3530"	"88447965"
"467"	"公表"	"こうひょう"	"official announcement; proclamation"	"3383"	"88447965"
"468"	"鉱物"	"こうぶつ"	"mineral"	"N/A"	"88447965"
"469"	"公務"	"こうむ"	"official business; public business"	"N/A"	"88447965"
"470"	"項目"	"こうもく"	"[1] item; heading; category; clause [2] headword (in a dictionary, encyclopedia, etc.); entry"	"2897"	"88447965"
"471"	"紅葉"	"こうよう"	"leaves turning red (in autumn); red leaves; autumn colours; fall colors"	"3298"	"88447965"
"472"	"交流"	"こうりゅう"	"[1] exchange (e.g. cultural); interchange; interaction; mingling; mixing; coming together [2] alternating current; AC"	"1893"	"88447965"
"473"	"効力"	"こうりょく"	"effect; efficacy; validity; potency"	"4714"	"88447965"
"474"	"焦がす"	"こがす"	"to burn; to scorch; to singe; to char"	"N/A"	"88447965"
"475"	"国王"	"こくおう"	"[1] king; queen; monarch; sovereign [2] the Crown (as a focus of authority in the UK, etc.); the throne"	"N/A"	"88447965"
"476"	"国籍"	"こくせき"	"[1] nationality; citizenship [2] nationality (ship, airplane, etc.); registration; flag"	"N/A"	"88447965"
"477"	"国立"	"こくりつ"	"national; founded and run by the central government"	"N/A"	"88447965"
"478"	"心当たり"	"こころあたり"	"having in mind; happening to know (of); idea (of); inkling"	"N/A"	"88447965"
"479"	"心得る"	"こころえる"	"[1] to know; to understand; to be aware of; to regard as; to take for [2] to (understand and) accept (a responsibility) [3] to have a knowledge of (a skill, art, etc.); to have a command of; to know (how to do)"	"N/A"	"88447965"
"480"	"腰掛け"	"こしかけ"	"[1] seat; bench [2] temporary job while looking for a better job or until one marries"	"N/A"	"88447965"
"481"	"腰掛ける"	"こしかける"	"to sit (down)"	"N/A"	"88447965"
"482"	"胡椒"	"こしょう"	"pepper"	"N/A"	"88447965"
"483"	"拵える"	"こしらえる"	"to make; to manufacture"	"N/A"	"88447965"
"484"	"擦る"	"こする"	"to rub; to scrub; to scrape"	"4634"	"88447965"
"485"	"個体"	"こたい"	"individual; specimen"	"N/A"	"88447965"
"486"	""	"こちらこそ"	"it is I who should say so"	"N/A"	"88447965"
"487"	""	"コック"	"cook; chef"	"N/A"	"88447965"
"488"	""	"こっそり"	"stealthily; secretly; in secret"	"4822"	"88447965"
"489"	"小遣い"	"こづかい"	"pocket money; spending money; pin money; allowance"	"N/A"	"88447965"
"490"	"古典"	"こてん"	"classic (work, esp. book); the classics"	"N/A"	"88447965"
"491"	"琴"	"こと"	"[1] koto (13-stringed Japanese zither) [2] stringed instrument [3] zheng (Chinese zither); guzheng"	"N/A"	"88447965"
"492"	"言付ける"	"ことづける"	"[1] to have someone send (a message, parcel, etc.); to send (via someone else); to leave (a message) with someone [2] to use as an excuse; to make a pretext of"	"N/A"	"88447965"
"493"	"此間"	"こないだ"	"the other day; lately; recently"	"N/A"	"88447965"
"494"	"零す"	"こぼす"	"[1] to spill; to drop; to shed (tears) [2] to grumble (about); to complain (of) [3] to let (one's feelings) show"	"N/A"	"88447965"
"495"	"零れる"	"こぼれる"	"[1] to spill; to fall out of; to overflow [2] to peek through; to become visible (although normally not) [3] to escape (of a smile, tear, etc.)"	"N/A"	"88447965"
"496"	"小指"	"こゆび"	"[1] little finger; pinky [2] little toe"	"N/A"	"88447965"
"497"	""	"コレクション"	"[1] collection (of art, stamps, etc.); collecting [2] collection (i.e. a range of new clothes); fashion show"	"N/A"	"88447965"
"498"	"転がす"	"ころがす"	"[1] to roll; to wheel; to trundle; to drive (a car) [2] to turn over; to tip over; to throw down [3] to leave"	"N/A"	"88447965"
"499"	"転がる"	"ころがる"	"[1] to roll; to tumble [2] to fall over; to roll over [3] to lie down"	"4409"	"88447965"
"500"	"紺"	"こん"	"navy blue; deep blue"	"N/A"	"88447965"
"501"	"混凝土"	"コンクリート"	"concrete"	"4376"	"88447965"
"502"	""	"コンクール"	"competition; contest"	"N/A"	"88447965"
"503"	"混合"	"こんごう"	"[1] mixing; mixture; meld [2] miscegenation"	"N/A"	"88447965"
"504"	""	"コンセント"	"(electrical) outlet; (wall) socket; power point"	"N/A"	"88447965"
"505"	"献立"	"こんだて"	"[1] menu; bill of fare [2] program; programme; schedule"	"N/A"	"88447965"
"506"	"今晩は"	"こんばんは"	"good evening"	"N/A"	"88447965"
"507"	""	"コース"	"[1] course; route; trail [2] course (of study); program [3] lane (in running, swimming, etc.)"	"2029"	"88447965"
"508"	""	"コーラス"	"chorus"	"N/A"	"88447965"
"509"	"碁"	"ご"	"go (board game)"	"N/A"	"88447965"
"510"	"強引"	"ごういん"	"overbearing; coercive; pushy; forcible; high-handed"	"N/A"	"88447965"
"511"	"合同"	"ごうどう"	"[1] combination; union; joining; incorporation; amalgamation; merger; fusion [2] combined; joint; united; shared [3] congruence"	"N/A"	"88447965"
"512"	"合理"	"ごうり"	"rationality"	"N/A"	"88447965"
"513"	"合流"	"ごうりゅう"	"[1] confluence (of rivers); flowing together; joining [2] joining (of people, groups, parties, etc.); union; linking up; merging (e.g. of traffic); meeting (up) [3] Gouryuu"	"N/A"	"88447965"
"514"	"ご苦労様"	"ごくろうさま"	"thank you (for your hard work); I appreciate your efforts"	"N/A"	"88447965"
"515"	"五十音"	"ごじゅうおん"	"the Japanese syllabary"	"N/A"	"88447965"
"516"	"ご馳走様"	"ごちそうさま"	"[1] thank you (for the meal); that was a delicious meal [2] thank you (for displaying lovey-dovey behaviour)"	"N/A"	"88447965"
"517"	"ご無沙汰"	"ごぶさた"	"not writing or contacting for a while; neglecting (failing) to write (call, visit, etc.); long silence"	"N/A"	"88447965"
"518"	"護謨"	"ゴム"	"[1] gum; rubber [2] eraser [3] condom"	"N/A"	"88447965"
"519"	"御免"	"ごめん"	"[1] I'm sorry; my apologies; excuse me; pardon me [2] may I come in? [3] permission; leave; license"	"3228"	"88447965"
"520"	"ごめん下さい"	"ごめんください"	"[1] may I come in? [2] please forgive me; I'm sorry"	"N/A"	"88447965"
"521"	"ご覧"	"ごらん"	"[1] (please) try to [2] (please) look [3] seeing; looking; watching"	"2144"	"88447965"
"522"	"再三"	"さいさん"	"again and again; repeatedly"	"N/A"	"88447965"
"523"	"祭日"	"さいじつ"	"national holiday; festival day"	"N/A"	"88447965"
"524"	"催促"	"さいそく"	"pressing; urging; demanding; demand"	"N/A"	"88447965"
"525"	"採点"	"さいてん"	"marking; grading; scoring"	"N/A"	"88447965"
"526"	"災難"	"さいなん"	"calamity; misfortune; disaster"	"N/A"	"88447965"
"527"	"裁縫"	"さいほう"	"sewing; needlework"	"N/A"	"88447965"
"528"	""	"サイレン"	"siren"	"N/A"	"88447965"
"529"	"逆さま"	"さかさま"	"inverted; upside down; reversed; back to front; wrong way round"	"N/A"	"88447965"
"530"	"遡る"	"さかのぼる"	"[1] to go upstream; to go up (a river) [2] to go back (to the past or origin); to date back (to); to trace back (to); to be retroactive (to)"	"3554"	"88447965"
"531"	"酒場"	"さかば"	"bar; pub; tavern"	"N/A"	"88447965"
"532"	"先ほど"	"さきほど"	"a short while ago; a moment ago; just now; some time ago"	"478"	"88447965"
"533"	"裂く"	"さく"	"[1] to tear; to rip up [2] to cut up; to cleave; to cut open (esp. the abdomen) [3] to forcibly separate (e.g. two lovers)"	"N/A"	"88447965"
"534"	"索引"	"さくいん"	"index (in a book)"	"N/A"	"88447965"
"535"	"作者"	"さくしゃ"	"creator (of a work); author; writer; artist; composer; playwright; dramatist"	"3711"	"88447965"
"536"	"削除"	"さくじょ"	"deletion; elimination; erasure; striking out"	"2088"	"88447965"
"537"	"作成"	"さくせい"	"making (a report, plan, contract, etc.); drawing up; writing out; preparing; creating (a file, website, account, etc.)"	"994"	"88447965"
"538"	"作製"	"さくせい"	"manufacture; production"	"N/A"	"88447965"
"539"	"探る"	"さぐる"	"[1] to feel around for; to fumble for; to grope for; to search for; to look for [2] to investigate; to probe into; to spy on; to sound out [3] to explore (parts unknown); to enjoy (natural beauty)"	"3210"	"88447965"
"540"	"囁く"	"ささやく"	"[1] to whisper; to murmur [2] to rumor; to rumour"	"4527"	"88447965"
"541"	"刺さる"	"ささる"	"[1] to stick into (of something with a sharp point); to prick; to pierce; to get stuck (in); to lodge (in) [2] to resonate emotionally; to move"	"N/A"	"88447965"
"542"	"差し支え"	"さしつかえ"	"hindrance; impediment"	"N/A"	"88447965"
"543"	"差し引き"	"さしひき"	"[1] deduction; subtraction; balance [2] ebb and flow; rise and fall"	"N/A"	"88447965"
"544"	"刺身"	"さしみ"	"sashimi (raw sliced fish, shellfish or crustaceans)"	"4734"	"88447965"
"545"	"匙"	"さじ"	"spoon"	"N/A"	"88447965"
"546"	"射す"	"さす"	"to shine"	"825"	"88447965"
"547"	"刺す"	"さす"	"[1] to pierce; to stab; to prick; to stick; to thrust [2] to sting; to bite [3] to sew; to stitch; to embroider"	"N/A"	"88447965"
"548"	"挿す"	"さす"	"[1] to insert; to put in [2] to plant (a cutting); to strike [3] to arrange (flowers)"	"N/A"	"88447965"
"549"	"流石"	"さすが"	"[1] as one would expect; just as you'd expect (from); just like (someone) [2] still; all the same; after all [3] even ... (e.g. ""even a genius"")"	"1048"	"88447965"
"550"	"早速"	"さっそく"	"at once; immediately; without delay; promptly"	"1905"	"88447965"
"551"	"撮影"	"さつえい"	"photography (still or motion); photographing; filming; shooting; (video) recording"	"1324"	"88447965"
"552"	"錆"	"さび"	"rust"	"N/A"	"88447965"
"553"	"錆びる"	"さびる"	"to rust; to become rusty"	"N/A"	"88447965"
"554"	"冷ます"	"さます"	"[1] to cool (e.g. from a high temperature to room temperature); to let cool [2] to dampen; to throw a damper on; to spoil"	"N/A"	"88447965"
"555"	"妨げる"	"さまたげる"	"to disturb; to prevent; to obstruct; to hinder"	"N/A"	"88447965"
"556"	"冷める"	"さめる"	"[1] to cool down; to get cold [2] to cool off (excitement, temper, etc.); to subside; to dampen; to fade; to wane [3] to be cold (eyes, expression, etc.); to be composed"	"4336"	"88447965"
"557"	"左様なら"	"さようなら"	"farewell; adieu; goodbye; so long"	"N/A"	"88447965"
"558"	""	"サラリーマン"	"office worker; company employee; company man; salaryman"	"2215"	"88447965"
"559"	"騒がしい"	"さわがしい"	"[1] noisy; boisterous [2] turbulent (era, etc.); troubled"	"N/A"	"88447965"
"560"	"爽やか"	"さわやか"	"[1] fresh; refreshing; invigorating; pleasant; delightful [2] clear (voice); fluent (speech); eloquent"	"4664"	"88447965"
"561"	"三角"	"さんかく"	"triangle; triangular shape"	"N/A"	"88447965"
"562"	"算数"	"さんすう"	"[1] arithmetic [2] calculation"	"N/A"	"88447965"
"563"	"酸性"	"さんせい"	"[1] acidity [2] acidic"	"N/A"	"88447965"
"564"	"産地"	"さんち"	"producing area"	"N/A"	"88447965"
"565"	""	"サンプル"	"[1] sample; example; specimen [2] display model (e.g. plastic food models used by restaurants)"	"N/A"	"88447965"
"566"	"山林"	"さんりん"	"[1] mountain forest; forest on a mountain; forest land; woodland [2] mountains and forests"	"N/A"	"88447965"
"567"	""	"サークル"	"[1] group with a common interest (e.g. students); club (e.g. company sports club); circle [2] circle (shape) [3] Circle"	"2238"	"88447965"
"568"	"材木"	"ざいもく"	"wood (for building); lumber; timber"	"N/A"	"88447965"
"569"	"座敷"	"ざしき"	"[1] tatami room; tatami mat room; formal Japanese room [2] dinner party in a tatami room (esp. when a geisha or maiko attends)"	"N/A"	"88447965"
"570"	"雑音"	"ざつおん"	"[1] noise (usu. unpleasant) [2] interference (e.g. radio); static; noise [3] gossip; irresponsible criticism"	"N/A"	"88447965"
"571"	"座布団"	"ざぶとん"	"zabuton; flat floor cushion used when sitting or kneeling; usu. rectangular"	"N/A"	"88447965"
"572"	"仕上がる"	"しあがる"	"to be finished; to be completed; to be done"	"N/A"	"88447965"
"573"	"明々後日"	"しあさって"	"in three days' time; two days after tomorrow"	"N/A"	"88447965"
"574"	"塩辛い"	"しおからい"	"salty (taste); briny"	"N/A"	"88447965"
"575"	"司会"	"しかい"	"[1] leading a meeting; presiding over a meeting; officiating at a ceremony; chairmanship [2] chairman; presenter; host; moderator; master of ceremonies"	"4705"	"88447965"
"576"	"四角"	"しかく"	"quadrilateral; square"	"N/A"	"88447965"
"577"	"四角い"	"しかくい"	"square; rectangular"	"N/A"	"88447965"
"578"	"四季"	"しき"	"the four seasons"	"4202"	"88447965"
"579"	"敷地"	"しきち"	"site; plot; lot; grounds"	"4335"	"88447965"
"580"	"至急"	"しきゅう"	"[1] urgent; pressing; immediate; prompt; express [2] urgently; promptly; at once; right away; without delay; as soon as possible"	"N/A"	"88447965"
"581"	"敷く"	"しく"	"[1] to spread out (e.g. a futon); to lay out [2] to lay down (e.g. a cushion) [3] to impose widely (e.g. martial law); to promulgate"	"2165"	"88447965"
"582"	"茂る"	"しげる"	"to grow thickly; to be in full leaf; to be rampant; to luxuriate; to be luxurious"	"N/A"	"88447965"
"583"	"四捨五入"	"ししゃごにゅう"	"[1] rounding (off; a number); rounding half away from zero [2] rounding off (views); converging to a common opinion"	"N/A"	"88447965"
"584"	"始終"	"しじゅう"	"continuously; from beginning to end; from first to last"	"N/A"	"88447965"
"585"	"静まる"	"しずまる"	"[1] to become quiet; to quiet down; to quieten down [2] to calm down; to die down; to subside; to abate; to be suppressed"	"N/A"	"88447965"
"586"	"姿勢"	"しせい"	"[1] posture; pose; position; stance; carriage (of the body) [2] attitude; approach; stance"	"1485"	"88447965"
"587"	"自然科学"	"しぜんかがく"	"natural science"	"N/A"	"88447965"
"588"	"子孫"	"しそん"	"descendant; progeny; offspring"	"4282"	"88447965"
"589"	"死体"	"したい"	"dead body; corpse; cadaver; carcass"	"3340"	"88447965"
"590"	"下書き"	"したがき"	"draft; rough copy"	"N/A"	"88447965"
"591"	"下町"	"したまち"	"[1] low-lying part of a city (usu. containing shops, factories, etc.) [2] Shitamachi (low-lying area of eastern Tokyo near Tokyo Bay, incl. Asakusa, Shitaya, Kanda, Fukugawa, Honjo, Nihonbashi, Kyobashi and surrounds) [3] Shitamachi"	"3436"	"88447965"
"592"	"湿気"	"しっけ"	"[1] moisture; humidity; dampness [2] Shikke"	"N/A"	"88447965"
"593"	"執筆"	"しっぴつ"	"writing; authoring"	"N/A"	"88447965"
"594"	"尻尾"	"しっぽ"	"[1] tail (of an animal) [2] tail end; tip"	"4064"	"88447965"
"595"	"執拗い"	"しつこい"	"[1] insistent; obstinate; persistent; tenacious [2] too rich (taste, etc.); fatty; heavy; greasy"	"4964"	"88447965"
"596"	"湿度"	"しつど"	"level of humidity"	"N/A"	"88447965"
"597"	"失恋"	"しつれん"	"disappointed love; broken heart; unrequited love; being lovelorn"	"N/A"	"88447965"
"598"	"指定"	"してい"	"designation; specification; assignment; appointment; pointing at"	"1329"	"88447965"
"599"	"私鉄"	"してつ"	"private railway"	"N/A"	"88447965"
"600"	"縛る"	"しばる"	"[1] to tie; to bind; to fasten [2] to restrict (freedom); to tie down (with rules, regulations, etc.); to fetter"	"3935"	"88447965"
"601"	"痺れる"	"しびれる"	"[1] to become numb; to go to sleep (e.g. a limb) [2] to get an electric shock; to tingle (from an electric shock) [3] to be excited; to be titillated; to be mesmerized; to be enthralled"	"N/A"	"88447965"
"602"	"紙幣"	"しへい"	"paper money; note; bill"	"N/A"	"88447965"
"603"	"萎む"	"しぼむ"	"to wither (of flowers, dreams, etc.); to wilt; to droop; to shrivel; to fade (away); to sag; to deflate"	"N/A"	"88447965"
"604"	"絞る"	"しぼる"	"[10] to turn down (e.g. radio) [11] to bend (bow); to draw [12] to hold down; to constrict; to immobilize"	"2154"	"88447965"
"605"	"縞"	"しま"	"[1] stripe; bar; streak [2] (weaved) stripe pattern (of 2 or more different colors)"	"N/A"	"88447965"
"606"	"沁み沁み"	"しみじみ"	"[1] keenly; deeply; fully; heartily; seriously; earnestly [2] calmly; quietly; softly [3] fixedly (gazing, staring); intently"	"4990"	"88447965"
"607"	"氏名"	"しめい"	"(full) name; identity"	"4121"	"88447965"
"608"	"締め切る"	"しめきる"	"[1] to close up; to shut up (e.g. behind doors) [2] to cut off (e.g. because a deadline has expired); to close off (e.g. subscription list)"	"N/A"	"88447965"
"609"	"社会科学"	"しゃかいかがく"	"social science"	"N/A"	"88447965"
"610"	""	"しゃがむ"	"to squat; to crouch"	"N/A"	"88447965"
"611"	"車庫"	"しゃこ"	"garage; carport; depot (for trains, buses, etc.); carbarn"	"N/A"	"88447965"
"612"	"車掌"	"しゃしょう"	"(train) conductor"	"N/A"	"88447965"
"613"	"写生"	"しゃせい"	"sketching; drawing from nature; portrayal; description"	"N/A"	"88447965"
"614"	""	"シャッター"	"[1] (camera) shutter [2] shutter (for a door, window, etc.)"	"N/A"	"88447965"
"615"	""	"しゃぶる"	"to suck; to lick"	"N/A"	"88447965"
"616"	"車輪"	"しゃりん"	"(vehicle) wheel"	"N/A"	"88447965"
"617"	"洒落"	"しゃれ"	"[1] joke; pun; jest; witticism; wordplay [2] smartly dressed; stylish; fashion-conscious; refined"	"N/A"	"88447965"
"618"	"集会"	"しゅうかい"	"meeting; assembly; gathering; congregation; convention; rally"	"N/A"	"88447965"
"619"	"集金"	"しゅうきん"	"money collection"	"N/A"	"88447965"
"620"	"集合"	"しゅうごう"	"[1] meeting up; gathering; assembly [2] set"	"N/A"	"88447965"
"621"	"習字"	"しゅうじ"	"penmanship; calligraphy"	"N/A"	"88447965"
"622"	"修繕"	"しゅうぜん"	"repair; mending"	"N/A"	"88447965"
"623"	"終点"	"しゅうてん"	"terminus; last stop (e.g. train)"	"N/A"	"88447965"
"624"	"就任"	"しゅうにん"	"assumption (of office); taking up (a post); inauguration; installation"	"4665"	"88447965"
"625"	"周辺"	"しゅうへん"	"[1] circumference; outskirts; environs; around; in the area of; in the vicinity of [2] (computer) peripheral"	"2007"	"88447965"
"626"	"終了"	"しゅうりょう"	"end; close; termination"	"1798"	"88447965"
"627"	"縮小"	"しゅくしょう"	"reduction; curtailment; cut; cutback; scaling down; contraction; shrinkage"	"4145"	"88447965"
"628"	"祝日"	"しゅくじつ"	"national holiday; public holiday"	"N/A"	"88447965"
"629"	"主語"	"しゅご"	"subject"	"N/A"	"88447965"
"630"	"出勤"	"しゅっきん"	"going to work; leaving for work; attendance (at work); being at work; presence (in the office); reporting for work"	"N/A"	"88447965"
"631"	"出張"	"しゅっちょう"	"business trip; official trip"	"N/A"	"88447965"
"632"	"主役"	"しゅやく"	"leading part; leading actor; leading actress"	"3758"	"88447965"
"633"	"消化"	"しょうか"	"[1] digestion (of food) [2] digestion (of information); assimilation; thorough understanding [3] consumption; absorption; using up; meeting (e.g. a quota); completion"	"N/A"	"88447965"
"634"	"小学生"	"しょうがくせい"	"elementary school student; primary school student; grade school student"	"1500"	"88447965"
"635"	"仕様がない"	"しょうがない"	"[1] there's no (other) way [2] cannot be helped; unavoidable; inevitable; (there's) nothing one can do; having no choice; it is what it is [3] it's no use (doing); pointless; useless; no good; insufficient; not enough"	"1429"	"88447965"
"636"	"消極的"	"しょうきょくてき"	"negative; passive; half-hearted; unmotivated"	"N/A"	"88447965"
"637"	"賞金"	"しょうきん"	"prize money; monetary award; reward"	"N/A"	"88447965"
"638"	"将棋"	"しょうぎ"	"shogi; Japanese chess"	"3452"	"88447965"
"639"	"商業"	"しょうぎょう"	"commerce; trade; business"	"N/A"	"88447965"
"640"	"商社"	"しょうしゃ"	"trading company"	"N/A"	"88447965"
"641"	"障子"	"しょうじ"	"shoji (paper sliding door)"	"N/A"	"88447965"
"642"	"小数"	"しょうすう"	"fraction (part of); decimal fraction"	"N/A"	"88447965"
"643"	"生ずる"	"しょうずる"	"[1] to produce; to yield; to cause [2] to result from; to arise; to be generated"	"N/A"	"88447965"
"644"	"商店"	"しょうてん"	"shop; store; firm"	"N/A"	"88447965"
"645"	"焦点"	"しょうてん"	"[1] focus; focal point [2] focus (of attention, a discussion, etc.); point at issue; central point [3] focus"	"4295"	"88447965"
"646"	"消毒"	"しょうどく"	"disinfection; sterilization; sterilisation"	"N/A"	"88447965"
"647"	"勝敗"	"しょうはい"	"victory or defeat; outcome (of a game, battle, etc.)"	"N/A"	"88447965"
"648"	"賞品"	"しょうひん"	"prize; trophy"	"N/A"	"88447965"
"649"	"勝負"	"しょうぶ"	"[1] victory or defeat [2] match; contest; game; bout [3] Shoubu"	"3115"	"88447965"
"650"	"小便"	"しょうべん"	"[1] urine; piss; pee; urination [2] breaking a contract"	"N/A"	"88447965"
"651"	"消防署"	"しょうぼうしょ"	"fire station"	"N/A"	"88447965"
"652"	"正味"	"しょうみ"	"[1] net (amount); clear; full (e.g. working hours) [2] net weight [3] net price; cost price"	"N/A"	"88447965"
"653"	"正面"	"しょうめん"	"front; frontage; facade; main"	"3206"	"88447965"
"654"	"省略"	"しょうりゃく"	"[1] omission; leaving out [2] abbreviation; abridgment; abridgement; shortening (e.g. of a name)"	"N/A"	"88447965"
"655"	"初級"	"しょきゅう"	"elementary level; beginner level"	"N/A"	"88447965"
"656"	"食塩"	"しょくえん"	"table salt"	"N/A"	"88447965"
"657"	"職人"	"しょくにん"	"[1] craftsman; artisan; tradesman; worker; workman [2] Shokunin"	"4148"	"88447965"
"658"	"初旬"	"しょじゅん"	"first 10 days of the month"	"N/A"	"88447965"
"659"	"食器"	"しょっき"	"tableware"	"4679"	"88447965"
"660"	""	"ショップ"	"shop"	"4794"	"88447965"
"661"	"書店"	"しょてん"	"bookshop; bookstore"	"N/A"	"88447965"
"662"	"白髪"	"しらが"	"white hair; grey hair; gray hair"	"N/A"	"88447965"
"663"	"知り合い"	"しりあい"	"acquaintance"	"1791"	"88447965"
"664"	"私立"	"しりつ"	"private (establishment)"	"4898"	"88447965"
"665"	"資料"	"しりょう"	"material; materials; data; information; documents"	"1026"	"88447965"
"666"	""	"シリーズ"	"series"	"3676"	"88447965"
"667"	"素人"	"しろうと"	"[1] amateur; layman; ordinary person; novice [2] respectable woman (i.e. not a prostitute, hostess, geisha) [3] unlicensed prostitute"	"3627"	"88447965"
"668"	"芯"	"しん"	"[1] wick; marrow; staple (for stapler); (pencil) lead; stuffing; pith [2] core; heart; centre; center [3] pistil (of a flower)"	"N/A"	"88447965"
"669"	"新幹線"	"しんかんせん"	"[1] Shinkansen; bullet train [2] Shinkansen"	"2587"	"88447965"
"670"	"真空"	"しんくう"	"[1] vacuum [2] absolute void; complete vacuity"	"N/A"	"88447965"
"671"	"心身"	"しんしん"	"mind and body"	"4791"	"88447965"
"672"	"信ずる"	"しんずる"	"to believe; to believe in; to place trust in; to confide in; to have faith in"	"N/A"	"88447965"
"673"	"申請"	"しんせい"	"application; request; petition"	"2360"	"88447965"
"674"	"寝台"	"しんだい"	"bed; couch"	"N/A"	"88447965"
"675"	"診断"	"しんだん"	"diagnosis; medical examination"	"3227"	"88447965"
"676"	"侵入"	"しんにゅう"	"invasion; incursion; raid; aggression; intrusion; trespass; penetration; hacking"	"4302"	"88447965"
"677"	"深夜"	"しんや"	"late at night"	"3478"	"88447965"
"678"	"森林"	"しんりん"	"forest; woods"	"3182"	"88447965"
"679"	"親類"	"しんるい"	"relative; relation; kin"	"N/A"	"88447965"
"680"	"針路"	"しんろ"	"course; direction"	"N/A"	"88447965"
"681"	"神話"	"しんわ"	"myth; mythology"	"N/A"	"88447965"
"682"	""	"シーズン"	"[1] season (period in which regulated games are played) [2] season (division of the year) [3] season (of a TV show, etc.)"	"4221"	"88447965"
"683"	""	"シーツ"	"sheet; bed sheet"	"N/A"	"88447965"
"684"	""	"しーん"	"silently (as the grave); quietly (as in death)"	"N/A"	"88447965"
"685"	"自衛"	"じえい"	"self-defense; self-defence"	"N/A"	"88447965"
"686"	"時間割"	"じかんわり"	"timetable (esp. a weekly school timetable); schedule"	"N/A"	"88447965"
"687"	"持参"	"じさん"	"bringing; taking; carrying"	"3941"	"88447965"
"688"	"磁石"	"じしゃく"	"[1] magnet [2] compass"	"N/A"	"88447965"
"689"	"自習"	"じしゅう"	"[1] self-study; teaching oneself [2] studying by oneself (at school) while the teacher is absent"	"N/A"	"88447965"
"690"	"時速"	"じそく"	"speed (per hour)"	"N/A"	"88447965"
"691"	"自治"	"じち"	"[1] self-government; autonomy [2] local (governmental) autonomy"	"N/A"	"88447965"
"692"	"実感"	"じっかん"	"[1] real feeling; actual feeling [2] to actually feel; to have a real feeling (that ...); to experience personally"	"1461"	"88447965"
"693"	"実習"	"じっしゅう"	"practice (in the field); training (esp. practical and hands-on); practical exercise; drill"	"N/A"	"88447965"
"694"	"実績"	"じっせき"	"achievements; actual results; accomplishments; past results; track record"	"4109"	"88447965"
"695"	"実物"	"じつぶつ"	"real thing; original; actual"	"N/A"	"88447965"
"696"	"実用"	"じつよう"	"practical use; utility"	"N/A"	"88447965"
"697"	"実力"	"じつりょく"	"[1] (real) ability; true strength; merit; efficiency; competency [2] arms; force"	"3269"	"88447965"
"698"	"実例"	"じつれい"	"example; illustration; precedent"	"N/A"	"88447965"
"699"	"児童"	"じどう"	"children; juvenile"	"3818"	"88447965"
"700"	"地盤"	"じばん"	"[1] ground; crust (earth); bed (gravel, river, etc.) [2] foundation (building, etc.); base [3] constituency; power base; support (electoral); footing; foothold"	"N/A"	"88447965"
"701"	"地味"	"じみ"	"[1] plain; simple; subdued; sober [2] reserved (behaviour, attitude, etc.); modest; quiet; unobtrusive [3] quite; a (little) bit"	"3909"	"88447965"
"702"	"弱点"	"じゃくてん"	"weak point; weakness; shortcoming; defect; flaw; sore spot; tender spot"	"N/A"	"88447965"
"703"	"蛇口"	"じゃぐち"	"[1] faucet; tap [2] Jaguchi"	"N/A"	"88447965"
"704"	"じゃん拳"	"じゃんけん"	"rock-paper-scissors (game); janken"	"N/A"	"88447965"
"705"	""	"ジャーナリスト"	"journalist"	"N/A"	"88447965"
"706"	"重体"	"じゅうたい"	"serious condition; critical condition"	"N/A"	"88447965"
"707"	"絨毯"	"じゅうたん"	"carpet; rug; runner"	"N/A"	"88447965"
"708"	"重点"	"じゅうてん"	"[1] important point; emphasis; stress; importance; priority [2] iteration mark [3] colon (punctuation)"	"N/A"	"88447965"
"709"	"重役"	"じゅうやく"	"[1] (company) director; executive; top management [2] important post; role with heavy responsibilities"	"N/A"	"88447965"
"710"	"重量"	"じゅうりょう"	"weight"	"N/A"	"88447965"
"711"	"重力"	"じゅうりょく"	"gravity; gravitation; gravitational pull"	"N/A"	"88447965"
"712"	"熟語"	"じゅくご"	"[1] kanji compound [2] idiom; idiomatic phrase"	"N/A"	"88447965"
"713"	"受験"	"じゅけん"	"taking an examination (esp. for entrance to a school or university)"	"1857"	"88447965"
"714"	"述語"	"じゅつご"	"[1] predicate [2] predicate"	"N/A"	"88447965"
"715"	"寿命"	"じゅみょう"	"[1] lifespan; life; lifetime [2] life (of a battery, lightbulb, etc.); service life; end of an object's (useful) life"	"3686"	"88447965"
"716"	"受話器"	"じゅわき"	"(telephone) receiver"	"N/A"	"88447965"
"717"	"循環"	"じゅんかん"	"circulation; rotation; cycle; loop"	"N/A"	"88447965"
"718"	"巡査"	"じゅんさ"	"police officer; policeman; constable"	"N/A"	"88447965"
"719"	"順々"	"じゅんじゅん"	"in order; in turn"	"N/A"	"88447965"
"720"	"順序"	"じゅんじょ"	"[1] order; sequence [2] procedure"	"N/A"	"88447965"
"721"	"純情"	"じゅんじょう"	"pure heart; naivete; innocence"	"N/A"	"88447965"
"722"	"純粋"	"じゅんすい"	"pure; true; genuine; unmixed"	"3200"	"88447965"
"723"	"蒸気"	"じょうき"	"[1] steam; vapour; vapor [2] steamboat; steam locomotive"	"N/A"	"88447965"
"724"	"上級"	"じょうきゅう"	"upper level; upper grade; high rank; advanced level; senior level; upper class"	"N/A"	"88447965"
"725"	"定規"	"じょうぎ"	"(measuring) ruler"	"N/A"	"88447965"
"726"	"上下"	"じょうげ"	"[1] top and bottom; high and low; above and below; upper and lower ends; up and down [2] going up and down; rising and falling; fluctuating [3] going and coming back"	"3729"	"88447965"
"727"	"乗車"	"じょうしゃ"	"boarding (a train, bus, etc.); getting into (e.g. a taxi)"	"N/A"	"88447965"
"728"	"蒸発"	"じょうはつ"	"[1] evaporation [2] disappearance (of a person); vanishing without a trace"	"N/A"	"88447965"
"729"	"助教授"	"じょきょうじゅ"	"assistant professor; associate professor"	"N/A"	"88447965"
"730"	"人造"	"じんぞう"	"artificial; man-made; imitation; synthetic"	"N/A"	"88447965"
"731"	"人文科学"	"じんぶんかがく"	"humanities; arts"	"N/A"	"88447965"
"732"	"人命"	"じんめい"	"(human) life"	"N/A"	"88447965"
"733"	"酢"	"す"	"vinegar"	"3306"	"88447965"
"734"	"水産"	"すいさん"	"aquatic products; fisheries"	"N/A"	"88447965"
"735"	"水蒸気"	"すいじょうき"	"water vapour; water vapor; steam"	"N/A"	"88447965"
"736"	"水素"	"すいそ"	"hydrogen (H)"	"N/A"	"88447965"
"737"	"垂直"	"すいちょく"	"[1] vertical [2] perpendicular"	"N/A"	"88447965"
"738"	"推定"	"すいてい"	"[1] presumption; assumption [2] estimation"	"3877"	"88447965"
"739"	"水滴"	"すいてき"	"[1] drop of water [2] vessel for replenishing inkstone water"	"N/A"	"88447965"
"740"	"水筒"	"すいとう"	"canteen; flask; water bottle; thermos"	"N/A"	"88447965"
"741"	"水分"	"すいぶん"	"water; liquid; fluid; moisture; humidity; sap; juice"	"2434"	"88447965"
"742"	"水平"	"すいへい"	"horizontal; level; even"	"N/A"	"88447965"
"743"	"水平線"	"すいへいせん"	"horizon (related to bodies of water)"	"N/A"	"88447965"
"744"	"水曜"	"すいよう"	"Wednesday"	"N/A"	"88447965"
"745"	"末っ子"	"すえっこ"	"youngest child"	"N/A"	"88447965"
"746"	""	"スカーフ"	"scarf (esp. a lightweight summer scarf worn by women)"	"N/A"	"88447965"
"747"	"好き嫌い"	"すききらい"	"likes and dislikes; tastes; preferences; pickiness (esp. about food); choosiness; fussiness"	"N/A"	"88447965"
"748"	"好き好き"	"すきずき"	"matter of taste"	"N/A"	"88447965"
"749"	"透き通る"	"すきとおる"	"[1] to be transparent; to be see-through; to be clear [2] to be clear (of a voice or sound)"	"N/A"	"88447965"
"750"	"隙間"	"すきま"	"[1] gap; opening; aperture; crevice; crack; chink; space [2] spare moment; interval; break [3] unguarded moment; carelessness; chink in one's armor; weak spot"	"3378"	"88447965"
"751"	"杉"	"すぎ"	"Japanese cedar (Cryptomeria japonica)"	"4659"	"88447965"
"752"	"少なくとも"	"すくなくとも"	"at least"	"1525"	"88447965"
"753"	""	"スクール"	"school"	"N/A"	"88447965"
"754"	""	"スケジュール"	"schedule; program; calendar"	"3717"	"88447965"
"755"	"鈴"	"すず"	"bell (often globular)"	"N/A"	"88447965"
"756"	""	"スタート"	"[1] start; beginning [2] starting (e.g. a race); departing; starting point; starting line"	"1473"	"88447965"
"757"	""	"スチュワーデス"	"stewardess; (female) flight attendant"	"N/A"	"88447965"
"758"	""	"すっきり"	"[1] refreshingly; with a feeling of relief; pleasantly; (a weight) off one's shoulder [2] shapely; neatly; refinedly [3] cleanly; without trouble"	"2915"	"88447965"
"759"	"酸っぱい"	"すっぱい"	"sour; acid"	"N/A"	"88447965"
"760"	""	"ステージ"	"[1] stage (platform) [2] performance; show [3] stage (phase); part"	"3065"	"88447965"
"761"	""	"ストッキング"	"stockings"	"N/A"	"88447965"
"762"	""	"ストップ"	"stop"	"N/A"	"88447965"
"763"	"素直"	"すなお"	"[1] obedient; meek; docile; unaffected [2] honest; frank; upfront (about one's feelings) [3] straight (e.g. hair)"	"2210"	"88447965"
"764"	""	"スピーカー"	"speaker"	"N/A"	"88447965"
"765"	"住まい"	"すまい"	"[1] dwelling; house; residence; address [2] living; life"	"3116"	"88447965"
"766"	"済まない"	"すまない"	"[1] inexcusable; unjustifiable; unpardonable [2] sorry; remorseful; apologetic; conscience-stricken; contrite [3] excuse me; (I'm) sorry; thank you"	"N/A"	"88447965"
"767"	""	"スマート"	"[1] smart (clothing, etc.); stylish [2] slim; slender [3] skilful; slick; clever; adroit"	"N/A"	"88447965"
"768"	"墨"	"すみ"	"[1] sumi; India ink; Chinese ink; ink stick; ink-cake [2] squid ink; octopus ink [3] carpenter's inking string"	"N/A"	"88447965"
"769"	"澄む"	"すむ"	"[1] to become clear (water, air, etc.); to become transparent [2] to resonate clearly (e.g. voice) [3] to become serene; to become tranquil; to be free of worries"	"N/A"	"88447965"
"770"	"相撲"	"すもう"	"[1] sumo (wrestling) [2] sumo wrestler; rikishi"	"N/A"	"88447965"
"771"	""	"スライド"	"[1] slide (for projection); transparency [2] (microscope) slide [3] to slide; to slip"	"N/A"	"88447965"
"772"	"刷る"	"する"	"[1] to print [2] to color or pattern fabric using a wooden mold"	"N/A"	"88447965"
"773"	"すれ違う"	"すれちがう"	"[1] to pass (by) each other; to brush past [2] to miss (meeting) each other; to fail to meet [3] to be at odds; to clash; to be in conflict"	"N/A"	"88447965"
"774"	"寸法"	"すんぽう"	"[1] measurement; size; extent; dimension [2] plan; intention; arrangement; schedule"	"N/A"	"88447965"
"775"	"随筆"	"ずいひつ"	"essays; miscellaneous writings; literary jottings"	"N/A"	"88447965"
"776"	"図々しい"	"ずうずうしい"	"impudent; shameless; brazen; forward; audacious; cheeky"	"N/A"	"88447965"
"777"	"図鑑"	"ずかん"	"pictorial book; picture book; illustrated reference book; identification manual; field guide"	"N/A"	"88447965"
"778"	"図形"	"ずけい"	"figure; shape; graphic"	"N/A"	"88447965"
"779"	"頭脳"	"ずのう"	"[1] head; brains [2] intellect; understanding"	"N/A"	"88447965"
"780"	"図表"	"ずひょう"	"chart; diagram; graph; figure"	"3691"	"88447965"
"781"	""	"ずらす"	"[1] to shift; to move; to slide [2] to move (an appointment, meeting, etc.); to bring forward; to put back; to put off; to delay; to postpone; to stagger (e.g. working hours)"	"N/A"	"88447965"
"782"	""	"ずらり"	"in a row; in a line"	"N/A"	"88447965"
"783"	"狡い"	"ずるい"	"[1] sly; cunning; sneaky; crafty; unfair; dishonest [2] miserly; mean; stingy"	"N/A"	"88447965"
"784"	"姓"	"せい"	"[1] surname; family name [2] hereditary title (used in ancient Japan to denote rank and political standing)"	"N/A"	"88447965"
"785"	"制作"	"せいさく"	"[1] work (film, book) [2] production; creation; turning (something) out; development"	"3441"	"88447965"
"786"	"製作"	"せいさく"	"[1] manufacture; production [2] production (of a film, play, TV show, etc.)"	"4753"	"88447965"
"787"	"性質"	"せいしつ"	"[1] nature (of a person); disposition; temperament; character [2] quality; inherent characteristic; property; nature; (chemical) behavior"	"2392"	"88447965"
"788"	"清書"	"せいしょ"	"fair copy; clean copy"	"N/A"	"88447965"
"789"	"青少年"	"せいしょうねん"	"young people; youth; the younger generation"	"4676"	"88447965"
"790"	"整数"	"せいすう"	"integer"	"N/A"	"88447965"
"791"	"清掃"	"せいそう"	"cleaning; clean-up; garbage collection; scavenging"	"N/A"	"88447965"
"792"	"生存"	"せいぞん"	"existence; being; life; survival"	"N/A"	"88447965"
"793"	"生長"	"せいちょう"	"growth (of a plant)"	"N/A"	"88447965"
"794"	"政党"	"せいとう"	"political party"	"N/A"	"88447965"
"795"	"生年月日"	"せいねんがっぴ"	"birth date; date of birth; DOB"	"N/A"	"88447965"
"796"	"性能"	"せいのう"	"ability; performance; efficiency"	"4368"	"88447965"
"797"	"整備"	"せいび"	"[1] maintenance; servicing [2] putting in place; development; improvement; preparation; provision; equipping; outfitting"	"840"	"88447965"
"798"	"成分"	"せいぶん"	"ingredient; component; composition"	"4458"	"88447965"
"799"	"性別"	"せいべつ"	"(distinction of) sex; gender"	"N/A"	"88447965"
"800"	"正方形"	"せいほうけい"	"square"	"N/A"	"88447965"
"801"	"正門"	"せいもん"	"[1] main gate; main entrance [2] Seimon"	"N/A"	"88447965"
"802"	"成立"	"せいりつ"	"[1] formation; establishment; materialization; coming into existence [2] conclusion (e.g. of a deal); reaching (e.g. an agreement); approval; completion; closing; enacting; arrangement [3] being valid (of a theory, argument, etc.); holding; applying"	"1334"	"88447965"
"803"	"西暦"	"せいれき"	"[1] Common Era; CE; Christian Era; anno domini; AD [2] Western (Gregorian) calendar"	"N/A"	"88447965"
"804"	"背負う"	"せおう"	"[1] to carry on one's back [2] to be burdened with; to take responsibility for [3] to have (something) in the background; to be in front (of something)"	"3618"	"88447965"
"805"	"赤道"	"せきどう"	"equator"	"N/A"	"88447965"
"806"	"折角"	"せっかく"	"[1] with trouble; at great pains [2] rare; valuable; precious; long-awaited [3] kind; generous"	"1307"	"88447965"
"807"	"接近"	"せっきん"	"[1] getting closer; drawing nearer; approaching [2] being not much different; being near (age, skill, etc.) [3] becoming close (i.e. friendly); becoming intimate"	"N/A"	"88447965"
"808"	"接する"	"せっする"	"[1] to touch; to come in contact with; to border on; to adjoin; to be adjacent; to be close [2] to receive (e.g. visitor); to attend to; to serve; to take care of; to look after; to act towards; to deal with; to see [3] to receive (news); to get; to hear"	"1552"	"88447965"
"809"	""	"せっせと"	"diligently; assiduously; industriously; beavering away"	"N/A"	"88447965"
"810"	"接続"	"せつぞく"	"[1] connection; attachment; union; join; joint; link [2] changing trains [3] conjunction"	"2639"	"88447965"
"811"	"瀬戸物"	"せともの"	"[1] earthenware; porcelain; china; pottery; crockery [2] Setomono"	"N/A"	"88447965"
"812"	"迫る"	"せまる"	"[1] to approach; to draw near; to be imminent [2] to press (someone for something); to urge; to compel"	"1792"	"88447965"
"813"	"攻め手"	"せめて"	"offense; offence; method of attack"	"2994"	"88447965"
"814"	"攻める"	"せめる"	"to attack; to assault; to assail"	"3913"	"88447965"
"815"	""	"セメント"	"cement"	"N/A"	"88447965"
"816"	"栓"	"せん"	"[1] stopper; cork; plug; bung [2] tap; faucet; stopcock"	"N/A"	"88447965"
"817"	"洗剤"	"せんざい"	"detergent; cleanser; cleaning agent; washing material"	"N/A"	"88447965"
"818"	"扇子"	"せんす"	"folding fan"	"N/A"	"88447965"
"819"	"専制"	"せんせい"	"despotism; autocracy"	"N/A"	"88447965"
"820"	"先々月"	"せんせんげつ"	"month before last"	"N/A"	"88447965"
"821"	"先々週"	"せんせんしゅう"	"week before last"	"N/A"	"88447965"
"822"	"先祖"	"せんぞ"	"ancestor; forefather; foremother"	"N/A"	"88447965"
"823"	"先端"	"せんたん"	"[1] pointed end; tip; point; cusp (of a leaf, crescent moon, etc.); apex (of a curve) [2] forefront; vanguard; spearhead; leading edge"	"4666"	"88447965"
"824"	""	"センチ"	"[1] centimeter; centimetre [2] centi-; 10^-2 [3] sentimental"	"N/A"	"88447965"
"825"	"宣伝"	"せんでん"	"publicity; advertisement; advertising; propaganda"	"3831"	"88447965"
"826"	"先頭"	"せんとう"	"head (of a line, group, etc.); front; lead; forefront; vanguard"	"4536"	"88447965"
"827"	"扇風機"	"せんぷうき"	"electric fan"	"N/A"	"88447965"
"828"	"線路"	"せんろ"	"railway track; railway line; railroad; railway; track; line"	"4749"	"88447965"
"829"	"税関"	"ぜいかん"	"customs; customs house"	"N/A"	"88447965"
"830"	"是非とも"	"ぜひとも"	"by all means; at all costs; absolutely"	"N/A"	"88447965"
"831"	""	"ゼミ"	"seminar"	"N/A"	"88447965"
"832"	"前後"	"ぜんご"	"[1] front and rear; front and back; before and behind; back and forth [2] before and after [3] around; about; approximately"	"2864"	"88447965"
"833"	"全身"	"ぜんしん"	"[1] whole (body); full-length (e.g. portrait) [2] systemic"	"2724"	"88447965"
"834"	"全般"	"ぜんぱん"	"[1] (the) whole [2] as a whole; in general; at large"	"N/A"	"88447965"
"835"	"相違"	"そうい"	"difference; discrepancy; variation"	"4449"	"88447965"
"836"	"そう言えば"	"そういえば"	"now that you mention it; come to think of it; that reminds me; on that subject; speaking of which"	"N/A"	"88447965"
"837"	"倉庫"	"そうこ"	"storehouse; warehouse; godown"	"4396"	"88447965"
"838"	"相互"	"そうご"	"[1] mutual; reciprocal [2] Sougo"	"4784"	"88447965"
"839"	"創作"	"そうさく"	"[1] creation; production; creative work (novel, film, etc.); original work; (creative) writing [2] fabrication; fiction; invention"	"N/A"	"88447965"
"840"	"葬式"	"そうしき"	"funeral"	"N/A"	"88447965"
"841"	"騒々しい"	"そうぞうしい"	"[1] noisy; loud; boisterous; clamorous; raucous [2] turbulent; unsettled; restless"	"N/A"	"88447965"
"842"	"送別"	"そうべつ"	"farewell; send-off"	"N/A"	"88447965"
"843"	"総理大臣"	"そうりだいじん"	"prime minister (as the head of a cabinet government); premier"	"N/A"	"88447965"
"844"	"速達"	"そくたつ"	"express; special delivery"	"N/A"	"88447965"
"845"	"測定"	"そくてい"	"measurement"	"3546"	"88447965"
"846"	"速力"	"そくりょく"	"speed"	"N/A"	"88447965"
"847"	"素質"	"そしつ"	"[1] makings (of); aptitude; talent; qualities [2] nature; character; temperament"	"N/A"	"88447965"
"848"	"祖先"	"そせん"	"ancestor"	"N/A"	"88447965"
"849"	""	"そそっかしい"	"careless; thoughtless; hasty; rash"	"N/A"	"88447965"
"850"	"率直"	"そっちょく"	"frank; candid; straightforward; openhearted; direct; outspoken"	"N/A"	"88447965"
"851"	""	"そっと"	"[1] softly; gently; quietly; lightly [2] stealthily; secretly; in secret [3] to leave alone; to leave as it is"	"N/A"	"88447965"
"852"	"その上"	"そのうえ"	"[1] in addition; furthermore [2] above (which); on top of (which)"	"N/A"	"88447965"
"853"	"その頃"	"そのころ"	"at that time; in those days; at that moment; then"	"N/A"	"88447965"
"854"	"その為"	"そのため"	"hence; for that reason"	"N/A"	"88447965"
"855"	"その他"	"そのほか"	"[1] the rest; the others [2] in addition (to that); besides that; other than that; and other ... [3] and so forth; and the like; and what have you; et cetera"	"N/A"	"88447965"
"856"	"蕎麦"	"そば"	"[1] buckwheat (Fagopyrum esculentum) [2] soba; Japanese buckwheat noodles [3] Chinese-style wheat noodles"	"N/A"	"88447965"
"857"	"剃る"	"そる"	"to shave"	"22"	"88447965"
"858"	""	"それなのに"	"and yet; despite this; but even so; but even then; however; nevertheless; for all that; notwithstanding that"	"N/A"	"88447965"
"859"	"逸れる"	"それる"	"[1] to turn away; to bear off; to veer away; to swerve from; to miss (e.g. a target) [2] to deviate (e.g. of a conversation); to digress; to go astray; to wander"	"N/A"	"88447965"
"860"	"揃う"	"そろう"	"[1] to be complete; to be all present; to make a full set; to be satisfied (of conditions) [2] to be equal; to be uniform; to be even; to match; to agree [3] to gather; to assemble; to be collected"	"1579"	"88447965"
"861"	"揃える"	"そろえる"	"[1] to collect; to gather; to get together; to complete (a collection) [2] to arrange; to put in order; to prepare; to get ready [3] to make uniform; to make even; to match"	"2321"	"88447965"
"862"	"算盤"	"そろばん"	"[1] abacus; soroban [2] calculation (esp. of profit and loss); reckoning"	"N/A"	"88447965"
"863"	"損得"	"そんとく"	"loss and gain; advantage and disadvantage"	"N/A"	"88447965"
"864"	"雑巾"	"ぞうきん"	"house-cloth; dust cloth"	"N/A"	"88447965"
"865"	"増減"	"ぞうげん"	"increase and decrease; fluctuation"	"N/A"	"88447965"
"866"	"造船"	"ぞうせん"	"shipbuilding"	"N/A"	"88447965"
"867"	"増大"	"ぞうだい"	"enlargement; increase"	"2690"	"88447965"
"868"	"草履"	"ぞうり"	"zori; traditional Japanese thonged sandals"	"N/A"	"88447965"
"869"	"属する"	"ぞくする"	"to belong to; to come under; to be affiliated with; to be subject to"	"2126"	"88447965"
"870"	"続々"	"ぞくぞく"	"successively; one after another"	"N/A"	"88447965"
"871"	"存じる"	"ぞんじる"	"[1] to know; to be aware (of); to be acquainted (with) [2] to think; to consider; to believe; to feel"	"N/A"	"88447965"
"872"	"存ずる"	"ぞんずる"	"[1] to know; to be aware (of); to be acquainted (with) [2] to think; to consider; to believe; to feel"	"3696"	"88447965"
"873"	""	"タイア"	"tire; tyre"	"N/A"	"88447965"
"874"	"体系"	"たいけい"	"system; organization; organisation; architecture"	"N/A"	"88447965"
"875"	"太鼓"	"たいこ"	"drum"	"N/A"	"88447965"
"876"	"対策"	"たいさく"	"measure; step; countermeasure; counterplan; countermove; strategy; preparation (e.g. for a test)"	"1929"	"88447965"
"877"	"大して"	"たいして"	"(not) very; (not) so; (not) very much; (not) particularly; (not) especially"	"3646"	"88447965"
"878"	"対照"	"たいしょう"	"contrast; antithesis; comparison"	"N/A"	"88447965"
"879"	"体制"	"たいせい"	"order; system; structure; set-up; organization; organisation"	"3537"	"88447965"
"880"	"体積"	"たいせき"	"capacity; volume"	"N/A"	"88447965"
"881"	"大層"	"たいそう"	"[1] very; extremely; exceedingly; greatly; terribly [2] extreme; excessive; great many; large number of [3] splendid; impressive; tremendous; immense"	"N/A"	"88447965"
"882"	"体操"	"たいそう"	"[1] gymnastics; physical exercises [2] artistic gymnastics; gymnastics competition [3] physical education (class); PE"	"N/A"	"88447965"
"883"	"大木"	"たいぼく"	"large tree"	"N/A"	"88447965"
"884"	"対立"	"たいりつ"	"confrontation; opposition; antagonism"	"2865"	"88447965"
"885"	"田植え"	"たうえ"	"rice planting"	"N/A"	"88447965"
"886"	"絶えず"	"たえず"	"constantly; always; continually; steadily"	"N/A"	"88447965"
"887"	"耐える"	"たえる"	"[1] to bear; to stand; to endure; to put up with [2] to support; to withstand; to resist; to brave [3] to be fit for; to be equal to"	"2050"	"88447965"
"888"	"高める"	"たかめる"	"to raise; to lift; to boost; to enhance"	"1781"	"88447965"
"889"	"耕す"	"たがやす"	"to till; to plow; to plough; to cultivate"	"N/A"	"88447965"
"890"	"滝"	"たき"	"[1] waterfall [2] rapids"	"4332"	"88447965"
"891"	"炊く"	"たく"	"[1] to cook (grains, e.g. rice) [2] to boil; to simmer; to stew; to seethe [3] to get angry; to snap"	"2736"	"88447965"
"892"	"焚く"	"たく"	"[1] to burn; to kindle; to light (a fire); to make (a fire) [2] to heat (a bath); to light (a stove); to stoke (a boiler) [3] to use (a camera flash)"	"N/A"	"88447965"
"893"	"蓄える"	"たくわえる"	"[1] to store; to save up; to stock up on; to lay in stock; to set aside [2] to accumulate (e.g. knowledge); to build up (e.g. experience); to develop (e.g. one's skills) [3] to grow (a beard, moustache, etc.); to wear"	"N/A"	"88447965"
"894"	"竹"	"たけ"	"[1] bamboo (any grass of subfamily Bambusoideae) [2] middle (of a three-tier ranking system)"	"3523"	"88447965"
"895"	"助かる"	"たすかる"	"[1] to be saved; to be rescued; to survive [2] to escape harm; to be spared damage [3] to be helped; to be saved trouble"	"2472"	"88447965"
"896"	"畳む"	"たたむ"	"[1] to fold (clothes, umbrella) [2] to close (a shop, business) [3] to vacate"	"N/A"	"88447965"
"897"	"但し"	"ただし"	"but; however; provided that"	"724"	"88447965"
"898"	"立ち止まる"	"たちどまる"	"to stop (in one's tracks); to come to a stop; to halt; to pause; to stand still"	"4257"	"88447965"
"899"	"忽ち"	"たちまち"	"[1] in an instant; in a moment; immediately; right away; at once [2] suddenly; all of a sudden; all at once"	"3471"	"88447965"
"900"	"建つ"	"たつ"	"to be erected; to be built"	"N/A"	"88447965"
"901"	"例える"	"たとえる"	"to compare (something) to; to liken; to speak figuratively; to use a simile; to use a metaphor"	"4974"	"88447965"
"902"	"頼もしい"	"たのもしい"	"[1] reliable; dependable; trustworthy; reassuring [2] hopeful; promising"	"N/A"	"88447965"
"903"	"足袋"	"たび"	"tabi; traditional split-toe socks"	"N/A"	"88447965"
"904"	"溜まる"	"たまる"	"to collect; to gather; to save; to accumulate; to pile up"	"2348"	"88447965"
"905"	"ため息"	"ためいき"	"sigh"	"3642"	"88447965"
"906"	"躊躇う"	"ためらう"	"to hesitate; to waver"	"N/A"	"88447965"
"907"	"溜める"	"ためる"	"[1] to amass; to accumulate; to store [2] to leave unpaid"	"2569"	"88447965"
"908"	"足る"	"たる"	"[1] to be sufficient; to be enough [2] to be worth doing; to be worthy of; to deserve [3] to do (the job); to serve; to answer"	"3680"	"88447965"
"909"	"短期"	"たんき"	"short-term"	"N/A"	"88447965"
"910"	"炭鉱"	"たんこう"	"[1] coal mine; (coal) pit; colliery [2] coal-mine shaft"	"N/A"	"88447965"
"911"	"短所"	"たんしょ"	"defect; demerit; weak point; disadvantage"	"N/A"	"88447965"
"912"	"箪笥"	"たんす"	"[1] chest of drawers; bureau; cabinet; tansu; dresser [2] Tansu"	"N/A"	"88447965"
"913"	"淡水"	"たんすい"	"fresh water (i.e. not salt water)"	"N/A"	"88447965"
"914"	"単数"	"たんすう"	"[1] single; one [2] singular (number)"	"N/A"	"88447965"
"915"	"短編"	"たんぺん"	"short (e.g. story, film)"	"N/A"	"88447965"
"916"	"田んぼ"	"たんぼ"	"paddy field; farm"	"2989"	"88447965"
"917"	""	"ダイアグラム"	"diagram"	"N/A"	"88447965"
"918"	"大工"	"だいく"	"carpenter"	"N/A"	"88447965"
"919"	"大小"	"だいしょう"	"[1] size [2] large and small (sizes); various sizes [3] daishō (matched pair of long and short swords)"	"N/A"	"88447965"
"920"	"題名"	"だいめい"	"title; caption; heading"	"4800"	"88447965"
"921"	"代名詞"	"だいめいし"	"[1] pronoun [2] synonym; classic example; pattern; byword; representative"	"N/A"	"88447965"
"922"	""	"ダイヤモンド"	"[1] diamond [2] diamond; infield [3] diamonds (suit)"	"N/A"	"88447965"
"923"	""	"ダイヤル"	"dial (e.g. telephone, radio, clock, gauge)"	"N/A"	"88447965"
"924"	"楕円"	"だえん"	"ellipse; oval"	"N/A"	"88447965"
"925"	"脱線"	"だっせん"	"[1] derailment [2] digression; deviation"	"N/A"	"88447965"
"926"	"妥当"	"だとう"	"valid; proper; right; appropriate; reasonable"	"N/A"	"88447965"
"927"	""	"ダブル"	"[1] double [2] double bed; hotel room with a double bed [3] double-breasted"	"N/A"	"88447965"
"928"	"騙す"	"だます"	"[1] to trick; to cheat; to deceive; to swindle; to dupe [2] to coax; to wheedle; to soothe; to calm"	"3319"	"88447965"
"929"	""	"ダム"	"[1] dam [2] Ad Dam (Saudi Arabia); Damme (Belgium); Damm"	"N/A"	"88447965"
"930"	"だらし無い"	"だらしない"	"[1] slovenly (appearance, work, etc.); sloppy; untidy; undisciplined; careless; loose; slack [2] weak; feeble; weak-willed; cowardly; gutless"	"N/A"	"88447965"
"931"	"段階"	"だんかい"	"[1] stage; step; phase [2] level; rank; grade; gradation [3] order"	"1040"	"88447965"
"932"	"断水"	"だんすい"	"suspension of water supply; water outage"	"N/A"	"88447965"
"933"	"団地"	"だんち"	"multi-unit apartments; apartment complex"	"3373"	"88447965"
"934"	"誓う"	"ちかう"	"to swear; to vow; to take an oath; to pledge"	"4833"	"88447965"
"935"	"地下水"	"ちかすい"	"underground water"	"N/A"	"88447965"
"936"	"近づける"	"ちかづける"	"[1] to bring near; to bring close; to let go near [2] to associate with; to bring (people) together; to let come near (of a person)"	"4487"	"88447965"
"937"	"近寄る"	"ちかよる"	"to approach; to draw near"	"N/A"	"88447965"
"938"	"力強い"	"ちからづよい"	"[1] powerful; strong; forceful; vigorous [2] reassuring; encouraging"	"4837"	"88447965"
"939"	"千切る"	"ちぎる"	"[1] to tear to pieces; to tear to shreds; to tear up [2] to pick (e.g. fruit); to pluck; to tear off [3] to do ... heavily; to do ... heartily; to do ... vigorously"	"N/A"	"88447965"
"940"	"地質"	"ちしつ"	"geological features"	"N/A"	"88447965"
"941"	"知人"	"ちじん"	"friend; acquaintance"	"3162"	"88447965"
"942"	"地帯"	"ちたい"	"zone; area; belt; region"	"N/A"	"88447965"
"943"	"縮む"	"ちぢむ"	"to shrink; to contract; to diminish (in size)"	"N/A"	"88447965"
"944"	"縮める"	"ちぢめる"	"[1] to shorten; to reduce; to condense; to shrink [2] to crumple (fabric); to wrinkle [3] to make (one's body) smaller; to draw in (one's legs); to duck (one's head)"	"N/A"	"88447965"
"945"	"縮れる"	"ちぢれる"	"to be wavy; to be curled; to be frizzled"	"N/A"	"88447965"
"946"	""	"チップ"	"[1] tip; gratuity [2] foul tip [3] tip (of a ballpoint pen)"	"N/A"	"88447965"
"947"	"地点"	"ちてん"	"spot; point; place; position"	"N/A"	"88447965"
"948"	"地名"	"ちめい"	"place name; toponym"	"3463"	"88447965"
"949"	"茶色い"	"ちゃいろい"	"light brown; tawny"	"N/A"	"88447965"
"950"	"着々"	"ちゃくちゃく"	"steadily"	"N/A"	"88447965"
"951"	"中間"	"ちゅうかん"	"[1] middle; midway; halfway; centre; center [2] middle position; moderate position; neutral position; middle-of-the-road position [3] interim; intermediary; intermediate; midterm"	"4868"	"88447965"
"952"	"抽象"	"ちゅうしょう"	"abstraction"	"N/A"	"88447965"
"953"	"中旬"	"ちゅうじゅん"	"middle ten days of a month; 11th to 20th day of a month"	"N/A"	"88447965"
"954"	"中性"	"ちゅうせい"	"[1] neutrality (incl. chemical, electrical, etc.); indifference [2] sexlessness; androgyny; androgyne; neuter [3] neuter gender"	"N/A"	"88447965"
"955"	"中世"	"ちゅうせい"	"Middle Ages (in Japan esp. the Kamakura and Muromachi periods); medieval times; mediaeval times"	"4499"	"88447965"
"956"	"中途"	"ちゅうと"	"halfway; midway; partway; mid-course"	"N/A"	"88447965"
"957"	"中年"	"ちゅうねん"	"middle-age; middle age; midlife; one's middle years"	"N/A"	"88447965"
"958"	"超過"	"ちょうか"	"excess; surplus; exceeding (a limit, estimate, etc.); going over"	"N/A"	"88447965"
"959"	"彫刻"	"ちょうこく"	"carving; engraving; sculpture"	"4661"	"88447965"
"960"	"長所"	"ちょうしょ"	"[1] strong point; merit; virtue; advantage [2] Chousho"	"N/A"	"88447965"
"961"	"長女"	"ちょうじょ"	"eldest daughter; first-born daughter"	"4300"	"88447965"
"962"	"調整"	"ちょうせい"	"adjustment; regulation; coordination; reconciliation; tuning; fixing; tailoring"	"1994"	"88447965"
"963"	"調節"	"ちょうせつ"	"regulation; adjustment; control"	"4880"	"88447965"
"964"	"長短"	"ちょうたん"	"[1] (relative) length [2] advantages and disadvantages; pluses and minuses; strong and weak points; merits and demerits"	"N/A"	"88447965"
"965"	"頂点"	"ちょうてん"	"[1] vertex; apex [2] top (e.g. of a mountain); summit; peak [3] top (of a profession, field, etc.); summit"	"N/A"	"88447965"
"966"	"長男"	"ちょうなん"	"eldest son (may be the only son); first-born son"	"1863"	"88447965"
"967"	"長方形"	"ちょうほうけい"	"rectangle; oblong"	"N/A"	"88447965"
"968"	"調味料"	"ちょうみりょう"	"seasoning; flavoring; flavouring; condiment"	"4951"	"88447965"
"969"	"直後"	"ちょくご"	"immediately following"	"3511"	"88447965"
"970"	"直線"	"ちょくせん"	"straight line"	"N/A"	"88447965"
"971"	"直前"	"ちょくぜん"	"[1] just before; just prior to [2] right in front of; just in front of"	"3054"	"88447965"
"972"	"直流"	"ちょくりゅう"	"direct current; DC"	"N/A"	"88447965"
"973"	"貯蔵"	"ちょぞう"	"storage; preservation"	"N/A"	"88447965"
"974"	"直角"	"ちょっかく"	"right angle"	"N/A"	"88447965"
"975"	"直径"	"ちょっけい"	"diameter"	"4398"	"88447965"
"976"	""	"チョーク"	"chalk"	"N/A"	"88447965"
"977"	"散らかす"	"ちらかす"	"to scatter around; to leave untidy; to make a mess"	"N/A"	"88447965"
"978"	"散らかる"	"ちらかる"	"to be in disorder; to lie scattered around"	"N/A"	"88447965"
"979"	"散らす"	"ちらす"	"[1] to scatter; to cause a shower of [2] to disperse; to distribute; to spread [3] to resolve (a symptom, condition, etc.); to relieve; to get rid of; to cure"	"N/A"	"88447965"
"980"	"ちり紙"	"ちりがみ"	"tissue paper; toilet paper"	"N/A"	"88447965"
"981"	"散る"	"ちる"	"[1] to fall (e.g. blossoms, leaves) [2] to scatter; to be dispersed [3] to disappear; to dissolve; to break up"	"4541"	"88447965"
"982"	"追加"	"ついか"	"addition; supplement; appending; appendix"	"2889"	"88447965"
"983"	"序で"	"ついで"	"[1] opportunity; occasion; chance [2] order; sequence [3] successor"	"2770"	"88447965"
"984"	"通貨"	"つうか"	"currency"	"N/A"	"88447965"
"985"	"通勤"	"つうきん"	"commuting to work"	"3744"	"88447965"
"986"	"通ずる"	"つうずる"	"[1] to be open (to traffic); to lead to; to communicate (with) [2] to flow (liquid, current); to pass; to get through to [3] to be understood; to be comprehended"	"N/A"	"88447965"
"987"	"通知"	"つうち"	"[1] notice; notification; report; posting [2] notification (on a smartphone, PC, etc.)"	"3409"	"88447965"
"988"	"通帳"	"つうちょう"	"passbook; bankbook"	"N/A"	"88447965"
"989"	"通訳"	"つうやく"	"[1] interpretation (i.e. oral translation) [2] interpreter"	"3828"	"88447965"
"990"	"通用"	"つうよう"	"[1] (common) use (of a language, currency, etc.); current use; circulation; currency; validity (e.g. of a ticket) [2] to be accepted (e.g. of a way of thinking); to work (of an excuse, trick, etc.); to hold true (e.g. of a theory); to apply; to be valid; to pass (for); to do well; to get by [3] going in and out; entrance and exit"	"4009"	"88447965"
"991"	"通路"	"つうろ"	"passage; pathway; roadway; avenue; aisle"	"N/A"	"88447965"
"992"	"付き合う"	"つきあう"	"[1] to associate with; to keep company with; to go out with; to go steady with; to get on with [2] to go along with; to follow someone's lead; to accompany someone; to compromise"	"970"	"88447965"
"993"	"突き当たり"	"つきあたり"	"end (of a street, hallway, etc.)"	"N/A"	"88447965"
"994"	"突き当たる"	"つきあたる"	"[1] to run into; to collide with; to crash into; to bump against [2] to come to the end of (a street) [3] to run into (difficulties, problems, etc.); to run up against"	"N/A"	"88447965"
"995"	"点く"	"つく"	"[1] to be lit (of a lamp, burner, etc.); to catch fire; to ignite; to start burning [2] to be turned on (of a light, appliance, etc.); to come on"	"N/A"	"88447965"
"996"	"突く"	"つく"	"[1] to prick; to stab [2] to poke; to prod; to push; to thrust; to nudge; to hit; to strike [3] to use (a cane); to prop oneself up with; to press against (the floor, etc.)"	"2747"	"88447965"
"997"	"次ぐ"	"つぐ"	"to follow; to come after; to come next (to); to rank next (to); to rank second (to)"	"4313"	"88447965"
"998"	"点ける"	"つける"	"to turn on; to switch on; to light up"	"N/A"	"88447965"
"999"	"伝わる"	"つたわる"	"[1] to spread (of a rumour, news, etc.); to travel; to circulate; to go around; to be passed around; to become known [2] to be handed down (from generation to generation); to be passed down [3] to be introduced (to a country, region, etc.); to be brought; to come"	"1323"	"88447965"
"1000"	"突っ込む"	"つっこむ"	"[1] to thrust (something) into (something); to cram; to stuff; to shove [2] to plunge into; to charge into; to rush into; to ram into; to crash into [3] to delve into (a matter); to go into depth; to get to the heart (of something)"	"2491"	"88447965"
"1001"	"努める"	"つとめる"	"to endeavor (to do); to endeavour; to try hard; to work hard; to strive; to make an effort; to exert oneself; to devote oneself; to be committed (to doing)"	"1784"	"88447965"
"1002"	"綱"	"つな"	"[1] rope; cord; line [2] grand champion's braided belt"	"N/A"	"88447965"
"1003"	"繋がり"	"つながり"	"connection; link; relationship"	"2728"	"88447965"
"1004"	"繋がる"	"つながる"	"[1] to be tied together; to be connected to; to be linked to [2] to lead to; to be related to [3] to be related (by blood)"	"808"	"88447965"
"1005"	"繋げる"	"つなげる"	"[1] to connect [2] to tie; to fasten [3] to transfer (phone call)"	"4523"	"88447965"
"1006"	"粒"	"つぶ"	"[1] grain; bead; drop [2] counter for small round objects including grains, seeds, pills, drops"	"N/A"	"88447965"
"1007"	"潰す"	"つぶす"	"[1] to smash; to crush; to flatten [2] to shut down; to put out of business; to force (a company) to close up shop [3] to wreck; to break; to block; to thwart"	"2479"	"88447965"
"1008"	"潰れる"	"つぶれる"	"[1] to be crushed; to be squashed; to be smashed; to be destroyed; to be broken; to collapse [2] to go bankrupt; to go under; to fail; to collapse [3] to be ruined (of a plan); to be cancelled; to collapse (e.g. of a project); to fall through; to blow up"	"3231"	"88447965"
"1009"	"躓く"	"つまずく"	"[1] to trip (over); to stumble [2] to fail; to suffer a setback"	"N/A"	"88447965"
"1010"	"詰まる"	"つまる"	"[1] to be packed (with); to be filled; to be full (e.g. of a schedule) [2] to be blocked (of a pipe, nose, etc.); to be clogged; to be stopped up [3] to be become shorter; to shrink; to narrow"	"1283"	"88447965"
"1011"	"積む"	"つむ"	"[1] to pile up; to stack [2] to load (car, ship, etc.); to pack [3] to acquire; to accumulate"	"2270"	"88447965"
"1012"	"爪"	"つめ"	"[1] nail (e.g. fingernail, toenail); claw; talon; hoof [2] plectrum; pick [3] hook; clasp"	"2945"	"88447965"
"1013"	"艶"	"つや"	"[1] gloss; luster; lustre; shine; sheen; polish [2] mellowness (of a voice); youthfulness (e.g. of skin) [3] interest; appeal; charm; color; colour; feeling"	"N/A"	"88447965"
"1014"	"強気"	"つよき"	"[1] confident; assured; self-assured; firm; strong; cocksure [2] bullish"	"N/A"	"88447965"
"1015"	"釣り合う"	"つりあう"	"[1] to balance; to be in harmony; to be in equilibrium [2] to suit; to go well together; to be a good match"	"N/A"	"88447965"
"1016"	"吊る"	"つる"	"[1] to hang; to suspend; to sling; to wear (e.g. a sword); to put up (e.g. a shelf) [2] to hang oneself [3] to hoist an opponent off of his feet by his loincloth"	"N/A"	"88447965"
"1017"	"吊るす"	"つるす"	"to hang; to hang up"	"N/A"	"88447965"
"1018"	"手洗い"	"てあらい"	"[1] washing one's hands; water (or basin, etc.) for washing one's hands [2] restroom; lavatory; toilet [3] hand-washing (laundry, etc.)"	"N/A"	"88447965"
"1019"	"定員"	"ていいん"	"[1] fixed number (of people); prescribed number (of regular personnel, students, etc.); quota; numerical limit; complement [2] capacity (of a bus, boat, theatre, etc.); seating capacity"	"2370"	"88447965"
"1020"	"低下"	"ていか"	"fall; decline; lowering; deterioration; degradation"	"1555"	"88447965"
"1021"	"定価"	"ていか"	"list price; regular price; established price"	"N/A"	"88447965"
"1022"	"定期券"	"ていきけん"	"commuter pass; season ticket"	"N/A"	"88447965"
"1023"	"停止"	"ていし"	"[1] stoppage; coming to a stop; halt; standstill [2] ceasing (movement, activity, etc.); suspension (of operations); interruption (e.g. of electricity supply); cutting off [3] suspension (of payment, a licence, etc.); (temporary) prohibition; ban"	"3673"	"88447965"
"1024"	"停車"	"ていしゃ"	"stopping (of a train, car, etc.); stop"	"N/A"	"88447965"
"1025"	"手入れ"	"ていれ"	"[1] care; looking after; repair; maintenance; tending; trimming; grooming [2] (police) raid; crackdown"	"4379"	"88447965"
"1026"	"的確"	"てきかく"	"accurate; precise; exact; appropriate; apt; right"	"3804"	"88447965"
"1027"	"手首"	"てくび"	"wrist"	"N/A"	"88447965"
"1028"	"手ごろ"	"てごろ"	"[1] handy; convenient [2] suitable; reasonable; moderate"	"N/A"	"88447965"
"1029"	"手帳"	"てちょう"	"[1] notebook; memo pad; (pocket) diary [2] certificate [3] identification card"	"N/A"	"88447965"
"1030"	"鉄橋"	"てっきょう"	"railway bridge; iron bridge"	"N/A"	"88447965"
"1031"	"鉄砲"	"てっぽう"	"[1] gun [2] wooden pole that wrestlers strike in practice [3] puffer fish"	"N/A"	"88447965"
"1032"	"手続き"	"てつづき"	"procedure; process; proceedings; formalities"	"1819"	"88447965"
"1033"	""	"テニスコート"	"tennis court"	"N/A"	"88447965"
"1034"	"手ぬぐい"	"てぬぐい"	"(hand) towel"	"N/A"	"88447965"
"1035"	"手前"	"てまえ"	"[1] before oneself; in front of one; nearby [2] a bit before reaching (a location); this side (of a location) [3] one's standpoint; one's appearance; face; honour"	"2521"	"88447965"
"1036"	"照らす"	"てらす"	"[1] to shine on; to illuminate [2] to compare (with); to refer to"	"3786"	"88447965"
"1037"	"照る"	"てる"	"[1] to shine [2] to look slightly upward (of a noh mask; indicating joy, etc.)"	"N/A"	"88447965"
"1038"	"展開"	"てんかい"	"[1] development; evolution; progression; unfolding; (plot) twist [2] expansion; spreading out; extending; deployment; building up [3] expansion (of an algebraic expression)"	"1180"	"88447965"
"1039"	"点数"	"てんすう"	"[1] marks; points; score; grade; runs (baseball) [2] number of items; number of articles"	"N/A"	"88447965"
"1040"	"点々"	"てんてん"	"[1] here and there; little by little; sporadically; scattered in drops [2] dots; spots"	"N/A"	"88447965"
"1041"	"転々"	"てんてん"	"[1] moving from place to place; being passed around repeatedly [2] rolling about"	"N/A"	"88447965"
"1042"	"天皇"	"てんのう"	"[1] Emperor of Japan [2] Tennou"	"2435"	"88447965"
"1043"	""	"テンポ"	"tempo"	"N/A"	"88447965"
"1044"	""	"テーマ"	"theme; topic; subject matter; motif; project; slogan"	"301"	"88447965"
"1045"	"出入り"	"でいり"	"[1] going in and out; entering and exiting [2] visiting regularly; frequenting; having regular dealings with [3] income and expenditure; incomings and outgoings"	"N/A"	"88447965"
"1046"	"出入り口"	"でいりぐち"	"exit and entrance"	"N/A"	"88447965"
"1047"	"出来上がり"	"できあがり"	"[1] completion; finish [2] workmanship; result; outcome"	"N/A"	"88447965"
"1048"	"出来上がる"	"できあがる"	"[1] to be completed; to be finished; to be ready (e.g. to serve or eat) [2] to be very drunk; to get plastered"	"1379"	"88447965"
"1049"	"出鱈目"	"でたらめ"	"[1] nonsense; irresponsible remark; codswallop; hogwash; rubbish [2] random; haphazard; unsystematic"	"N/A"	"88447965"
"1050"	"出迎え"	"でむかえ"	"meeting; reception"	"N/A"	"88447965"
"1051"	"出迎える"	"でむかえる"	"to meet; to greet"	"N/A"	"88447965"
"1052"	"伝記"	"でんき"	"biography; life story"	"N/A"	"88447965"
"1053"	"電球"	"でんきゅう"	"light bulb"	"N/A"	"88447965"
"1054"	"電池"	"でんち"	"battery; cell"	"N/A"	"88447965"
"1055"	"電柱"	"でんちゅう"	"utility pole; power pole; telephone pole; telegraph pole"	"N/A"	"88447965"
"1056"	"電波"	"でんぱ"	"[1] radio wave; reception; signal [2] saying strange things"	"N/A"	"88447965"
"1057"	"電流"	"でんりゅう"	"electric current"	"N/A"	"88447965"
"1058"	"電力"	"でんりょく"	"electric power"	"N/A"	"88447965"
"1059"	"問い合わせ"	"といあわせ"	"inquiry; query; enquiry"	"1915"	"88447965"
"1060"	"統一"	"とういつ"	"unity; consolidation; uniformity; unification; compatible"	"3685"	"88447965"
"1061"	"統計"	"とうけい"	"statistics"	"N/A"	"88447965"
"1062"	"峠"	"とうげ"	"[1] (mountain) pass; highest point on a mountain road; ridge [2] peak (e.g. of summer); worst (e.g. of an illness); crisis; critical point; most difficult part"	"N/A"	"88447965"
"1063"	"東西"	"とうざい"	"[1] east and west [2] Orient and Occident; East and West [3] ladies and gentlemen!; your attention, please!; roll-up, roll-up"	"N/A"	"88447965"
"1064"	"投書"	"とうしょ"	"[1] letter (e.g. of complaint); letter to the editor; letter from a reader [2] contribution (to a newspaper, magazine, etc.)"	"N/A"	"88447965"
"1065"	"当日"	"とうじつ"	"day in question; appointed day; that very day; the day (of issue, publication, etc.)"	"1723"	"88447965"
"1066"	"登場"	"とうじょう"	"[1] entrance (on the stage); appearance (in a book, film, etc.) [2] appearance (on the scene); arrival (on the market); emergence; introduction; advent"	"1238"	"88447965"
"1067"	"灯台"	"とうだい"	"[1] lighthouse [2] old-fashioned interior light fixture comprising a wooden pole with an oil-filled dish and a wick atop it"	"N/A"	"88447965"
"1068"	"盗難"	"とうなん"	"theft; robbery"	"N/A"	"88447965"
"1069"	"当番"	"とうばん"	"being on duty; person on duty; one's turn"	"N/A"	"88447965"
"1070"	"等分"	"とうぶん"	"division into equal parts; equal parts"	"N/A"	"88447965"
"1071"	"透明"	"とうめい"	"transparent; clear"	"4344"	"88447965"
"1072"	"灯油"	"とうゆ"	"kerosene; paraffin; lamp oil"	"N/A"	"88447965"
"1073"	"東洋"	"とうよう"	"[1] the East; the Orient; (East) Asia [2] Japan"	"N/A"	"88447965"
"1074"	"通りかかる"	"とおりかかる"	"to happen to pass by"	"N/A"	"88447965"
"1075"	"溶かす"	"とかす"	"[1] to dissolve [2] to melt"	"4123"	"88447965"
"1076"	"尖る"	"とがる"	"[1] to taper to a point; to become pointed; to become sharp [2] to be on edge; to be nervous; to be irritable; to be touchy [3] to be sharp (of a voice, words, etc.); to be harsh; to be angry; to look displeased; to look sour"	"N/A"	"88447965"
"1077"	"溶く"	"とく"	"to dissolve (paint); to scramble (eggs); to melt (metal, etc.); to mix (water with flour, etc.)"	"N/A"	"88447965"
"1078"	"特殊"	"とくしゅ"	"special; particular; peculiar; unique"	"2652"	"88447965"
"1079"	"特色"	"とくしょく"	"[1] characteristic; feature; idiosyncrasy; personal colour [2] spot color"	"3849"	"88447965"
"1080"	"特長"	"とくちょう"	"strong point; forte; merit; strength"	"N/A"	"88447965"
"1081"	"特定"	"とくてい"	"[1] specific; particular; designated; special [2] specifying; designating; identifying; pinpointing"	"1780"	"88447965"
"1082"	"特売"	"とくばい"	"special sale; bargain sale"	"N/A"	"88447965"
"1083"	"溶け込む"	"とけこむ"	"[1] to melt into; to dissolve into; to merge into [2] to blend into (surroundings); to fit in; to adapt to; to integrate"	"N/A"	"88447965"
"1084"	"溶ける"	"とける"	"[1] to melt; to thaw; to fuse [2] to dissolve"	"3418"	"88447965"
"1085"	"床の間"	"とこのま"	"tokonoma (alcove where art or flowers are displayed)"	"N/A"	"88447965"
"1086"	"所々"	"ところどころ"	"here and there; in places"	"N/A"	"88447965"
"1087"	"都心"	"としん"	"city centre (esp. of Tokyo); heart of a city; downtown area"	"2381"	"88447965"
"1088"	"戸棚"	"とだな"	"cupboard; locker; closet; wardrobe; cabinet"	"N/A"	"88447965"
"1089"	"疾っくに"	"とっくに"	"long ago; a long time ago; already"	"N/A"	"88447965"
"1090"	"整う"	"ととのう"	"[1] to be ready; to be prepared; to be arranged [2] to be in order; to be put in order; to be well-ordered; to be well-proportioned; to be harmonious [3] to be adjusted; to be regulated; to be refined (e.g. of a face)"	"3131"	"88447965"
"1091"	"止まる"	"とどまる"	"[1] to remain; to abide; to stay (in the one place) [2] to be limited to; to be confined to; to only account for"	"2465"	"88447965"
"1092"	"留まる"	"とどまる"	"[1] to remain; to abide; to stay (in the one place) [2] to be limited to; to be confined to; to only account for"	"2465"	"88447965"
"1093"	"飛び込む"	"とびこむ"	"[1] to jump in; to leap in; to plunge into; to dive [2] to burst in; to barge in"	"2615"	"88447965"
"1094"	"泊める"	"とめる"	"to give shelter to; to lodge; to put up; to accommodate"	"N/A"	"88447965"
"1095"	"兎も角"	"ともかく"	"[1] anyhow; anyway; somehow or other; generally speaking; in any case; be that as it may [2] apart from ...; setting ... aside"	"1736"	"88447965"
"1096"	"捉える"	"とらえる"	"[1] to catch; to capture; to seize; to arrest; to grab; to catch hold of [2] to grasp (e.g. meaning); to perceive; to capture (e.g. features) [3] to captivate; to move (one's heart)"	"1226"	"88447965"
"1097"	"取り入れる"	"とりいれる"	"[1] to take in; to gather in [2] to adopt (e.g. an idea); to accept (e.g. advice); to introduce (e.g. technology); to borrow (e.g. a word) [3] to harvest; to reap; to gather in"	"1943"	"88447965"
"1098"	"取り消す"	"とりけす"	"to cancel; to withdraw; to retract; to take back (words, etc.); to revoke"	"N/A"	"88447965"
"1099"	"取り出す"	"とりだす"	"[1] to take out; to produce; to pick out [2] to fetch; to retrieve"	"1714"	"88447965"
"1100"	"捕る"	"とる"	"to catch (a wild animal, fish, insect, baseball, etc.); to capture"	"N/A"	"88447965"
"1101"	""	"トレーニング"	"[1] training (for a skill, job, sport, etc.); practice [2] working out; workout; (strength, weight) training"	"2527"	"88447965"
"1102"	"銅"	"どう"	"[1] copper (Cu) [2] bronze (medal)"	"N/A"	"88447965"
"1103"	"同格"	"どうかく"	"[1] the same rank; equality [2] apposition"	"N/A"	"88447965"
"1104"	"動作"	"どうさ"	"[1] movement (of the body); action; motion; gesture [2] bearing; carriage; behaviour; behavior; demeanour; demeanor [3] operation (of a machine, software, etc.); running; working; functioning"	"3040"	"88447965"
"1105"	""	"どうせ"	"[1] anyhow; in any case; at any rate; after all; at all; no matter what [2] at best; at most"	"2529"	"88447965"
"1106"	"どうぞ宜しく"	"どうぞよろしく"	"[1] pleased to meet you; how do you do [2] my regards (to someone); my greetings; best wishes; remember me to"	"N/A"	"88447965"
"1107"	"童話"	"どうわ"	"children's story; fairy tale"	"N/A"	"88447965"
"1108"	""	"ドキドキ"	"[1] thump-thump; bang-bang; pit-a-pat; pitapat; pitter-patter [2] to beat fast (of one's heart); to throb; to pound; to palpitate"	"4081"	"88447965"
"1109"	"退く"	"どく"	"[1] to step aside; to move (i.e. out of the way); to make way [2] to resign; to retire; to quit; to secede"	"N/A"	"88447965"
"1110"	""	"どっと"	"[1] bursting out (laughter); breaking out (applause); roaring; whooping [2] in a rush; in a surge; flooding in; pouring in [3] suddenly; all of a sudden"	"N/A"	"88447965"
"1111"	"怒鳴る"	"どなる"	"to shout (in anger); to yell"	"4329"	"88447965"
"1112"	"丼"	"どんぶり"	"[1] porcelain bowl [2] donburi; bowl of meat, fish, etc. served over rice"	"N/A"	"88447965"
"1113"	"内科"	"ないか"	"[1] internal medicine [2] department of internal medicine"	"N/A"	"88447965"
"1114"	"内線"	"ないせん"	"phone extension; indoor wiring; inner line"	"N/A"	"88447965"
"1115"	""	"ナイロン"	"nylon"	"N/A"	"88447965"
"1116"	"仲直り"	"なかなおり"	"reconciliation; making up (with); making peace (with); being friends again; patching up a quarrel"	"N/A"	"88447965"
"1117"	"中身"	"なかみ"	"[1] contents; interior; filling [2] substance; content [3] (sword) blade"	"1974"	"88447965"
"1118"	"中指"	"なかゆび"	"[1] middle finger; long finger; second finger; tall finger [2] middle toe; third toe"	"N/A"	"88447965"
"1119"	"仲良し"	"なかよし"	"[1] close friendship; close friend; good friend; bosom buddy; chum; pal [2] intimate relations; sexual intercourse; sex"	"N/A"	"88447965"
"1120"	"慰める"	"なぐさめる"	"to comfort; to console; to amuse"	"4465"	"88447965"
"1121"	"殴る"	"なぐる"	"to strike; to hit; to beat; to punch"	"2863"	"88447965"
"1122"	"成す"	"なす"	"[1] to form; to make; to constitute [2] to build up (e.g. a fortune); to create; to establish [3] to accomplish; to achieve; to win (fame); to gain"	"859"	"88447965"
"1123"	"謎々"	"なぞなぞ"	"riddle; puzzle; enigma"	"N/A"	"88447965"
"1124"	""	"なだらか"	"[1] gently sloping; gentle; gradual; easy [2] smooth (process); gentle (e.g. tone of voice); slow (e.g. growth)"	"N/A"	"88447965"
"1125"	"懐かしい"	"なつかしい"	"dear (old); fondly remembered; beloved; missed; nostalgic"	"2196"	"88447965"
"1126"	"撫でる"	"なでる"	"[1] to stroke; to caress; to brush gently; to pat; to rub [2] to comb (hair); to smooth down"	"4018"	"88447965"
"1127"	"斜め"	"ななめ"	"[1] slanting; tilted; sloping; diagonal; oblique [2] distorted (feeling); slanted (e.g. view of the world); bad (mood); amiss; awry"	"4287"	"88447965"
"1128"	"何しろ"	"なにしろ"	"[1] in any case; at any rate; anyhow; anyway; as you know; for you see; particularly [2] because; since; for; after all"	"2418"	"88447965"
"1129"	"何々"	"なになに"	"[1] what [2] so-and-so; such and such; something (or other) [3] what?; wait; hang on"	"1292"	"88447965"
"1130"	"何分"	"なにぶん"	"[1] some; any; (a) little; of some kind; of some sort [2] please [3] anyway; anyhow; at any rate; after all"	"N/A"	"88447965"
"1131"	"生意気"	"なまいき"	"impertinent; saucy; cheeky; impudent; audacious; cocky; pert; brash"	"N/A"	"88447965"
"1132"	"倣う"	"ならう"	"to imitate; to follow; to copy; to emulate"	"N/A"	"88447965"
"1133"	"鳴らす"	"ならす"	"[1] to ring; to sound; to chime; to beat; to snort (nose); to snap (fingers); to crack (joints) [2] to be popular; to be esteemed; to be reputed [3] to state; to insist; to complain"	"3584"	"88447965"
"1134"	"生る"	"なる"	"to bear fruit"	"N/A"	"88447965"
"1135"	"南極"	"なんきょく"	"[1] South Pole [2] the Antarctic; Antarctica [3] Antarctica; South Pole"	"N/A"	"88447965"
"1136"	"何となく"	"なんとなく"	"somehow or other; for some reason or another; without knowing why"	"N/A"	"88447965"
"1137"	"何とも"	"なんとも"	"[1] really; very; extremely; terribly; awfully [2] (not) anything; (not) at all; (not) a bit"	"N/A"	"88447965"
"1138"	""	"ナンバー"	"[1] number [2] number plate; license plate"	"4211"	"88447965"
"1139"	"南米"	"なんべい"	"[1] South America [2] Nanbei"	"N/A"	"88447965"
"1140"	"南北"	"なんぼく"	"[1] north and south; north to south [2] South Korea and North Korea"	"N/A"	"88447965"
"1141"	"煮える"	"にえる"	"to be boiled; to be cooked"	"N/A"	"88447965"
"1142"	"匂う"	"におう"	"[1] to be fragrant; to smell (good) [2] to stink; to smell (bad) [3] to glow; to be bright"	"N/A"	"88447965"
"1143"	"逃がす"	"にがす"	"[1] to set free; to let go; to release [2] to miss (e.g. a chance); to lose; to let get away; to fail to catch"	"N/A"	"88447965"
"1144"	"憎い"	"にくい"	"[1] hateful; detestable; abominable; vexing; provoking [2] amazing; fantastic; admirable; lovely; wonderful"	"N/A"	"88447965"
"1145"	"憎む"	"にくむ"	"to hate; to detest"	"N/A"	"88447965"
"1146"	"憎らしい"	"にくらしい"	"[1] odious; hateful; detestable; horrible [2] (speaking ironically) darling"	"N/A"	"88447965"
"1147"	""	"ニコニコ"	"with a friendly grin; smilingly"	"4016"	"88447965"
"1148"	"虹"	"にじ"	"rainbow"	"N/A"	"88447965"
"1149"	"日時"	"にちじ"	"[1] date and time (of a meeting, departure, etc.) [2] days and hours"	"1966"	"88447965"
"1150"	"日用品"	"にちようひん"	"daily necessities"	"N/A"	"88447965"
"1151"	"日課"	"にっか"	"daily routine; daily work; daily lesson"	"N/A"	"88447965"
"1152"	"日程"	"にってい"	"schedule; program; programme; agenda"	"4359"	"88447965"
"1153"	"鈍い"	"にぶい"	"[1] dull (e.g. a knife); blunt [2] thickheaded; obtuse; stupid [3] dull (sound, color, etc.); dim (light)"	"N/A"	"88447965"
"1154"	"入社"	"にゅうしゃ"	"joining a company; getting a job with a company; starting work at a company"	"4434"	"88447965"
"1155"	"女房"	"にょうぼう"	"[1] wife (esp. one's own wife) [2] court lady; female court attache; woman who served at the imperial palace [3] woman (esp. as a love interest)"	"3072"	"88447965"
"1156"	"睨む"	"にらむ"	"[1] to glare at; to scowl at; to glower at [2] to stare intensely at; to examine carefully [3] to estimate; to guess; to suspect; to judge"	"4981"	"88447965"
"1157"	"煮る"	"にる"	"to boil; to simmer; to stew; to seethe"	"2245"	"88447965"
"1158"	"俄"	"にわか"	"[1] sudden; abrupt; unexpected; immediate; hasty; improvised; impromptu; offhand [2] impromptu skit [3] bandwagon fan; fair-weather fan"	"N/A"	"88447965"
"1159"	"縫う"	"ぬう"	"[1] to sew; to stitch [2] to weave one's way (e.g. through a crowd)"	"4311"	"88447965"
"1160"	"滑る"	"ぬめる"	"[1] to be slippery; to be slimy [2] to behave charmingly; to walk merrily"	"N/A"	"88447965"
"1161"	"濡らす"	"ぬらす"	"to wet; to moisten; to dampen; to soak; to dip"	"N/A"	"88447965"
"1162"	"螺子"	"ネジ"	"[1] screw [2] key (of a clock, watch, etc.); spring"	"N/A"	"88447965"
"1163"	"捩る"	"ねじる"	"[1] to twist; to screw; to wrench [2] to sprain"	"N/A"	"88447965"
"1164"	""	"ネックレス"	"necklace"	"N/A"	"88447965"
"1165"	"熱する"	"ねっする"	"[1] to heat; to heat up [2] to get excited; to get worked up; to get fired up"	"4923"	"88447965"
"1166"	"寝巻き"	"ねまき"	"nightclothes; nightwear; sleepwear; pyjamas; pajamas; nightgown; nightdress"	"N/A"	"88447965"
"1167"	"狙い"	"ねらい"	"aim"	"4051"	"88447965"
"1168"	"狙う"	"ねらう"	"[1] to aim at (with a weapon, etc.) [2] to be after (something or someone); to have an eye on; to plan to make one's own [3] to aim for; to set up as a goal"	"1790"	"88447965"
"1169"	"年度"	"ねんど"	"[1] fiscal year (usu. April 1 to March 31 in Japan); financial year [2] academic year; school year [3] product year"	"N/A"	"88447965"
"1170"	"農産物"	"のうさんぶつ"	"agricultural produce"	"N/A"	"88447965"
"1171"	"農村"	"のうそん"	"[1] agricultural community; farm village [2] rural"	"N/A"	"88447965"
"1172"	"濃度"	"のうど"	"[1] concentration; density [2] cardinality"	"N/A"	"88447965"
"1173"	"農薬"	"のうやく"	"agricultural chemical (i.e. pesticide, herbicide, fungicide, etc.); agrochemical; agrichemical"	"N/A"	"88447965"
"1174"	"能率"	"のうりつ"	"[1] efficiency [2] moment"	"N/A"	"88447965"
"1175"	"退ける"	"のける"	"[1] to put something out of the way; to move (something, someone) aside [2] to remove; to exclude; to take away [3] to set aside; to keep apart"	"N/A"	"88447965"
"1176"	"鋸"	"のこぎり"	"[1] saw [2] musical saw [3] Nokogiri"	"N/A"	"88447965"
"1177"	"残らず"	"のこらず"	"all; entirely; completely; without exception"	"N/A"	"88447965"
"1178"	"覗く"	"のぞく"	"[1] to peek (through a keyhole, gap, etc.) [2] to look down into (a ravine, etc.) [3] to peek into (a shop, bookstore, etc.)"	"N/A"	"88447965"
"1179"	"上り"	"のぼり"	"[1] ascent; climbing; ascending (path); climb [2] up-train; train heading toward the starting point of its route [3] upbound (esp. toward Tokyo)"	"N/A"	"88447965"
"1180"	"乗り換え"	"のりかえ"	"[1] transfer (trains, buses, etc.); change; connection [2] switch (to another ideology, party, system, method, etc.); change; conversion [3] switching (stock)"	"N/A"	"88447965"
"1181"	"載る"	"のる"	"[1] to be placed on; to be set on; to be piled on; to be loaded on [2] to appear (in print); to be mentioned; to be recorded; to be reported; to be given"	"N/A"	"88447965"
"1182"	""	"のろのろ"	"slowly; sluggishly"	"N/A"	"88447965"
"1183"	"呑気"	"のんき"	"easy; easygoing; carefree; happy-go-lucky; optimistic; leisurely; careless; thoughtless"	"N/A"	"88447965"
"1184"	"灰色"	"はいいろ"	"grey; gray; ashen"	"N/A"	"88447965"
"1185"	"俳句"	"はいく"	"haiku; 17-mora poem, usu. in 3 lines of 5, 7 and 5 morae"	"3848"	"88447965"
"1186"	"這う"	"はう"	"[1] to crawl; to creep; to go on all fours [2] to slither; to wriggle [3] to trail (of vines, flowers, etc.); to spread; to creep"	"4691"	"88447965"
"1187"	"生える"	"はえる"	"[1] to grow; to spring up; to sprout [2] to cut (teeth)"	"2076"	"88447965"
"1188"	"秤"	"はかり"	"scales; weighing machine"	"N/A"	"88447965"
"1189"	"剥がす"	"はがす"	"to tear off; to peel off; to rip off; to strip off; to skin; to flay; to disrobe; to deprive of; to detach; to disconnect"	"N/A"	"88447965"
"1190"	""	"はきはき"	"briskly; smartly; promptly; clearly; lucidly"	"N/A"	"88447965"
"1191"	"掃く"	"はく"	"[1] to sweep; to brush; to clean [2] to gather silkworms"	"N/A"	"88447965"
"1192"	"歯車"	"はぐるま"	"[1] gear; cogwheel [2] cog (in an organization, company, etc.); cog in the machine"	"N/A"	"88447965"
"1193"	"挟まる"	"はさまる"	"to get between; to be caught in"	"N/A"	"88447965"
"1194"	"挟む"	"はさむ"	"[1] to hold between (e.g. one's fingers, chopsticks); to grip (from both sides) [2] to put between; to sandwich between; to insert; to interpose [3] to catch (e.g. a finger in a door); to trap; to pinch"	"1634"	"88447965"
"1195"	"梯子"	"はしご"	"[1] ladder [2] stairs [3] going to several places in succession (e.g. barhopping)"	"N/A"	"88447965"
"1196"	"初めに"	"はじめに"	"[1] first; firstly; first of all; to begin with; in the beginning; at the beginning [2] Introduction; Preface"	"N/A"	"88447965"
"1197"	"初めまして"	"はじめまして"	"nice to meet you; I'm glad to make your acquaintance; how do you do?"	"N/A"	"88447965"
"1198"	"斜"	"はす"	"diagonal"	"N/A"	"88447965"
"1199"	"外れる"	"はずれる"	"[1] to be disconnected; to get out of place; to be off; to be out (e.g. of gear) [2] to miss the mark; to get it wrong (e.g. guess, expectation); to draw a blank (e.g. lottery) [3] to be removed; to be excluded"	"2199"	"88447965"
"1200"	"果たして"	"はたして"	"[1] as was expected; just as one thought; sure enough [2] really; actually; ever"	"1912"	"88447965"
"1201"	"肌着"	"はだぎ"	"underwear; underclothes; lingerie; chemise; singlet"	"N/A"	"88447965"
"1202"	"鉢"	"はち"	"[1] bowl; pot; basin [2] flowerpot [3] crown; brainpan"	"N/A"	"88447965"
"1203"	"発揮"	"はっき"	"show (of power, ability, etc.); exhibition; demonstration; display; manifestation"	"2054"	"88447965"
"1204"	"発射"	"はっしゃ"	"[1] firing (esp. a rocket or missile); launching; shooting; discharge; catapult [2] ejaculation"	"N/A"	"88447965"
"1205"	"発想"	"はっそう"	"[1] idea; conception [2] way of thinking; approach [3] expression"	"2272"	"88447965"
"1206"	"発電"	"はつでん"	"[1] generation of electricity; power generation [2] sending a telegram; telegraphing"	"N/A"	"88447965"
"1207"	"発売"	"はつばい"	"sale; offering for sale; release (for sale); launch (product)"	"2387"	"88447965"
"1208"	"派手"	"はで"	"showy; loud; flashy; gaudy"	"3702"	"88447965"
"1209"	"話し合い"	"はなしあい"	"discussion; talk; tête-à-tête; conference"	"2823"	"88447965"
"1210"	"話しかける"	"はなしかける"	"[1] to address (someone); to accost a person; to talk (to someone) [2] to begin to talk; to start a conversation"	"2320"	"88447965"
"1211"	"話し中"	"はなしちゅう"	"[1] busy (phone) [2] in talks; discussion underway"	"N/A"	"88447965"
"1212"	"花火"	"はなび"	"fireworks"	"2896"	"88447965"
"1213"	"花嫁"	"はなよめ"	"bride"	"N/A"	"88447965"
"1214"	"放れる"	"はなれる"	"to get free (from); to be freed; to be released"	"N/A"	"88447965"
"1215"	"破片"	"はへん"	"fragment; broken piece; splinter; chip; shard"	"N/A"	"88447965"
"1216"	"歯磨き"	"はみがき"	"[1] dental brushing; brushing one's teeth [2] dentifrice; toothpaste; tooth powder"	"N/A"	"88447965"
"1217"	"嵌める"	"はめる"	"[1] to fit (e.g. a pane into a frame); to insert (e.g. a cork); to fasten (a button) [2] to put on (something that envelops; e.g. a ring, gloves); to place (a hoop) around; to attach (e.g. a hose to a tap) [3] to pigeonhole (into a particular category); to force (into a mold); to place (restrictions) on"	"N/A"	"88447965"
"1218"	"流行る"	"はやる"	"[1] to be popular; to come into fashion [2] to be prevalent; to spread widely (e.g. disease); to be endemic [3] to flourish; to thrive"	"1972"	"88447965"
"1219"	"払い込む"	"はらいこむ"	"to deposit; to pay in"	"N/A"	"88447965"
"1220"	"払い戻す"	"はらいもどす"	"to repay; to pay back; to refund; to reimburse"	"N/A"	"88447965"
"1221"	"針金"	"はりがね"	"wire"	"N/A"	"88447965"
"1222"	"張り切る"	"はりきる"	"to be in high spirits; to be full of vigor (vigour); to be enthusiastic; to be eager; to stretch to breaking point"	"N/A"	"88447965"
"1223"	"反映"	"はんえい"	"[1] reflection (of light) [2] reflection (of society, attitudes, etc.) [3] application (of an update, changes, etc.); taking effect"	"2159"	"88447965"
"1224"	"半径"	"はんけい"	"radius"	"N/A"	"88447965"
"1225"	"判子"	"はんこ"	"seal (used in lieu of a signature); stamp; chop"	"N/A"	"88447965"
"1226"	"判事"	"はんじ"	"judge; judiciary"	"N/A"	"88447965"
"1227"	"反省"	"はんせい"	"[1] reflection; reconsideration; introspection; meditation; contemplation [2] regret; repentance; remorse; being sorry"	"2247"	"88447965"
"1228"	""	"ハンドル"	"[1] handle [2] steering wheel [3] handlebar; handlebars"	"N/A"	"88447965"
"1229"	""	"バイバイ"	"[1] bye-bye; goodbye [2] saying goodbye; parting"	"N/A"	"88447965"
"1230"	"売買"	"ばいばい"	"trade; buying and selling; trafficking (e.g. of humans, arms, drugs); dealing"	"N/A"	"88447965"
"1231"	"馬鹿らしい"	"ばからしい"	"absurd; foolish; stupid; silly; nonsense; ludicrous; preposterous; laughable; ridiculous"	"N/A"	"88447965"
"1232"	"馬穴"	"バケツ"	"bucket; pail"	"N/A"	"88447965"
"1233"	""	"バック"	"[1] back; rear [2] background; backdrop"	"N/A"	"88447965"
"1234"	"発条"	"ばね"	"[1] spring (device) [2] spring (in one's legs); bounce [3] springboard; impetus"	"N/A"	"88447965"
"1235"	""	"バランス"	"[1] balance [2] Valence (France); Vallance"	"1536"	"88447965"
"1236"	"万歳"	"ばんざい"	"[1] banzai; hurray; hurrah; hooray [2] something to cheer about; something worthy of celebration [3] giving up; throwing one's hands up"	"N/A"	"88447965"
"1237"	"番地"	"ばんち"	"house number; address"	"N/A"	"88447965"
"1238"	""	"バンド"	"[1] band (group of musicians) [2] band (material); strap; (watch) bracelet [3] belt (clothing)"	"1859"	"88447965"
"1239"	""	"パターン"	"[1] pattern [2] behavioural pattern; behavioral pattern; predictability; force of habit [3] Patan (Nepal)"	"2241"	"88447965"
"1240"	""	"パンツ"	"[1] underpants; pants; briefs; panties; shorts; knickers [2] trousers (esp. women's); jodhpurs; breeches; pants; trunks (e.g. swimming)"	"4209"	"88447965"
"1241"	"日当たり"	"ひあたり"	"[1] exposure to the sun; sunny place [2] per day"	"N/A"	"88447965"
"1242"	"比較的"	"ひかくてき"	"comparatively; relatively"	"1309"	"88447965"
"1243"	"日陰"	"ひかげ"	"[1] shade; shadow [2] sunshine; sunlight"	"N/A"	"88447965"
"1244"	"引き受ける"	"ひきうける"	"[1] to take on; to undertake; to accept; to take charge of; to assume responsibility for [2] to take over; to inherit [3] to guarantee; to vouch for"	"3147"	"88447965"
"1245"	"引き返す"	"ひきかえす"	"to turn back; to go back; to come back; to return; to retrace one's steps"	"N/A"	"88447965"
"1246"	"引き算"	"ひきざん"	"subtraction"	"N/A"	"88447965"
"1247"	"引き止める"	"ひきとめる"	"to detain; to check; to restrain; to stop"	"N/A"	"88447965"
"1248"	"引き分け"	"ひきわけ"	"draw (in competition); tie game"	"N/A"	"88447965"
"1249"	"日差し"	"ひざし"	"sunlight; rays of the Sun"	"4761"	"88447965"
"1250"	"肘"	"ひじ"	"elbow"	"4677"	"88447965"
"1251"	"引っかかる"	"ひっかかる"	"[1] to be caught in; to be stuck in [2] to stop by; to drop in for a short visit; to be delayed; to take time [3] to get mixed up in (trouble); to get entangled in (a problem); to be involved with"	"2907"	"88447965"
"1252"	"ひっくり返す"	"ひっくりかえす"	"[1] to turn over; to turn upside down; to turn up; to turn inside out; to turn out [2] to knock over; to tip over [3] to overturn (e.g. a decision); to upset; to reverse"	"4711"	"88447965"
"1253"	"ひっくり返る"	"ひっくりかえる"	"[1] to be overturned; to be reversed; to turn over; to capsize [2] to fall down; to tumble down; to topple over; to lie on one's back"	"N/A"	"88447965"
"1254"	"引っ越し"	"ひっこし"	"[1] moving (dwelling, office, etc.); changing residence [2] Hikkoshi"	"1938"	"88447965"
"1255"	"引っ込む"	"ひっこむ"	"[1] to draw back; to sink; to cave in [2] to be set back (e.g. from a road) [3] to withdraw (e.g. from the public eye); to retire to (somewhere); to stay indoors; to butt out; to stay out of it"	"N/A"	"88447965"
"1256"	"筆者"	"ひっしゃ"	"writer; author"	"4031"	"88447965"
"1257"	"必需品"	"ひつじゅひん"	"necessities; necessary article; requisite; essentials"	"N/A"	"88447965"
"1258"	"人差し指"	"ひとさしゆび"	"[1] index finger; forefinger [2] second toe"	"N/A"	"88447965"
"1259"	"一通り"	"ひととおり"	"[1] generally; in the main; briefly (look over, explain, etc.); roughly; more or less [2] (more or less) everything; all parts; bit of everything; whole process [3] ordinary; usual; average; common"	"N/A"	"88447965"
"1260"	"人通り"	"ひとどおり"	"pedestrian traffic"	"N/A"	"88447965"
"1261"	"一先ず"	"ひとまず"	"[1] for now; for the time being; for the present [2] though not quite satisfactorily; after a fashion"	"N/A"	"88447965"
"1262"	"瞳"	"ひとみ"	"[1] pupil (of the eye) [2] one's eyes"	"3220"	"88447965"
"1263"	"一休み"	"ひとやすみ"	"(short) rest; breather; break"	"N/A"	"88447965"
"1264"	"独り言"	"ひとりごと"	"soliloquy; monologue; speaking to oneself"	"N/A"	"88447965"
"1265"	"独りでに"	"ひとりでに"	"by itself; automatically; naturally"	"N/A"	"88447965"
"1266"	"皮肉"	"ひにく"	"[1] irony; sarcasm; cynicism; satire [2] unexpected; different from what one expected; not as one had planned [3] (only) surface; something superficial"	"N/A"	"88447965"
"1267"	"日にち"	"ひにち"	"[1] date (of a planned event, act, etc.); day [2] (number of) days"	"N/A"	"88447965"
"1268"	"捻る"	"ひねる"	"[1] to twist; to wrench; to turn (a tap, switch, etc.) [2] to twist (a body part); to bend; to sprain [3] to strangle (to death); to wring (an animal's neck)"	"4333"	"88447965"
"1269"	"日の入り"	"ひのいり"	"sunset"	"N/A"	"88447965"
"1270"	"日の出"	"ひので"	"sunrise"	"N/A"	"88447965"
"1271"	"響き"	"ひびき"	"[1] echo; reverberation [2] sound (esp. the distinctive sound of an object or activity, e.g. rain, gun, gallop, drum); noise [3] quality of a sound (e.g. a fine phrase, clear voice, resonant bell); feeling of a sound; emotion or feeling inspired by something heard or read"	"4419"	"88447965"
"1272"	"響く"	"ひびく"	"[1] to resound; to be heard far away [2] to reverberate; to shake; to vibrate [3] to come (home); to remain (with someone)"	"2475"	"88447965"
"1273"	"皮膚"	"ひふ"	"skin"	"3128"	"88447965"
"1274"	"百科事典"	"ひゃっかじてん"	"encyclopedia; encyclopaedia"	"N/A"	"88447965"
"1275"	"冷やす"	"ひやす"	"[1] to cool (from room temperature); to chill; to refrigerate [2] to calm down; to cool off; to regain one's composure; to relax [3] to be frightened (at); to be scared (of)"	"3752"	"88447965"
"1276"	"表紙"	"ひょうし"	"[1] cover (of a book, magazine, etc.); binding [2] to appear on the cover of a magazine"	"N/A"	"88447965"
"1277"	"標識"	"ひょうしき"	"[1] sign; mark; marker; beacon [2] marker"	"N/A"	"88447965"
"1278"	"標準"	"ひょうじゅん"	"[1] standard; criterion; norm; model; mark [2] average; the norm; the ordinary"	"N/A"	"88447965"
"1279"	"標本"	"ひょうほん"	"[1] specimen; sample [2] (classic) example; type [3] sample"	"N/A"	"88447965"
"1280"	"評論"	"ひょうろん"	"criticism; critique"	"N/A"	"88447965"
"1281"	"平仮名"	"ひらがな"	"hiragana; cursive Japanese syllabary used primarily for native Japanese words (esp. function words, inflections, etc.)"	"N/A"	"88447965"
"1282"	"昼寝"	"ひるね"	"[1] (afternoon) nap; sleeping during the day; siesta [2] Hirune"	"N/A"	"88447965"
"1283"	"広げる"	"ひろげる"	"[1] to spread; to extend; to expand; to enlarge; to widen; to broaden [2] to unfold; to open; to unroll; to unwrap [3] to scatter about; to spread around"	"1542"	"88447965"
"1284"	"広さ"	"ひろさ"	"[1] area; extent; dimensions; size [2] width; breadth"	"3794"	"88447965"
"1285"	"広場"	"ひろば"	"[1] public square; square; plaza; piazza; forum [2] open space; clearing"	"4133"	"88447965"
"1286"	"広々"	"ひろびろ"	"extensive; spacious"	"N/A"	"88447965"
"1287"	"広める"	"ひろめる"	"[1] to spread; to propagate; to popularize; to disseminate [2] to broaden; to extend; to widen; to enlarge"	"N/A"	"88447965"
"1288"	""	"ビタミン"	"vitamin"	"4645"	"88447965"
"1289"	""	"ビニール"	"[1] vinyl; plastic [2] vinyl record"	"N/A"	"88447965"
"1290"	"美容"	"びよう"	"[1] beauty; good figure; (beautiful) appearance; (beautiful) features [2] beautification; beauty treatment; beauty culture; cosmetics"	"N/A"	"88447965"
"1291"	""	"ビルディング"	"multi-floor building; multi-storey building; tall building"	"N/A"	"88447965"
"1292"	"便箋"	"びんせん"	"writing paper; stationery; notepaper"	"N/A"	"88447965"
"1293"	"瓶詰め"	"びんづめ"	"[1] bottling [2] bottled"	"N/A"	"88447965"
"1294"	""	"ピカピカ"	"[1] with a glitter; with a sparkle [2] brand new; shiny and new [3] cleaned (of a plate, etc.); finished"	"N/A"	"88447965"
"1295"	""	"ピストル"	"pistol"	"N/A"	"88447965"
"1296"	""	"ピンク"	"[1] pink [2] erotic; blue; pornographic"	"3766"	"88447965"
"1297"	""	"ファスナー"	"zip fastener; zipper; zip"	"N/A"	"88447965"
"1298"	"不運"	"ふうん"	"misfortune; bad luck; ill luck; ill fortune"	"N/A"	"88447965"
"1299"	"深まる"	"ふかまる"	"to deepen; to heighten; to intensify"	"N/A"	"88447965"
"1300"	"不規則"	"ふきそく"	"irregular; unsystematic; unsteady; disorderly"	"N/A"	"88447965"
"1301"	"普及"	"ふきゅう"	"diffusion; spread; popularization; promulgation; familiarization"	"1709"	"88447965"
"1302"	"付近"	"ふきん"	"neighborhood; neighbourhood; vicinity; environs; surrounding area; district"	"N/A"	"88447965"
"1303"	"拭く"	"ふく"	"to wipe; to dry"	"2892"	"88447965"
"1304"	"副詞"	"ふくし"	"adverb"	"N/A"	"88447965"
"1305"	"複写"	"ふくしゃ"	"copying; duplication; reproduction; copy"	"N/A"	"88447965"
"1306"	"複数"	"ふくすう"	"[1] plural; multiple [2] plural (number)"	"2488"	"88447965"
"1307"	"含める"	"ふくめる"	"[1] to include (in a group or scope) [2] to instruct; to make one understand [3] to include (a nuance); to put in (an implication)"	"678"	"88447965"
"1308"	"膨らます"	"ふくらます"	"to swell; to expand; to inflate; to bulge"	"N/A"	"88447965"
"1309"	"膨らむ"	"ふくらむ"	"to expand; to swell (out); to get big; to become inflated"	"2507"	"88447965"
"1310"	"更ける"	"ふける"	"to get late; to advance; to wear on"	"N/A"	"88447965"
"1311"	"符号"	"ふごう"	"[1] sign; mark; symbol; code [2] sign (e.g. positive, negative)"	"N/A"	"88447965"
"1312"	"夫妻"	"ふさい"	"husband and wife; married couple"	"N/A"	"88447965"
"1313"	"塞がる"	"ふさがる"	"[1] to be closed; to be blocked; to be healed (e.g. wound); to be shut up [2] to be clogged; to be plugged up [3] to be occupied; to be taken (e.g. accommodation)"	"N/A"	"88447965"
"1314"	"塞ぐ"	"ふさぐ"	"[1] to stop up; to close up; to block (up); to plug up; to shut up; to cover (ears, eyes, etc.); to close (eyes, mouth) [2] to stand in the way; to obstruct [3] to occupy; to fill up; to take up"	"4845"	"88447965"
"1315"	"巫山戯る"	"ふざける"	"[1] to joke; to jest; to kid; to josh [2] to make fun of; to laugh at; to play a prank [3] to romp; to gambol; to frolic; to frisk; to mess around; to fool around; to screw around"	"N/A"	"88447965"
"1316"	"襖"	"ふすま"	"fusuma; Japanese sliding screen"	"N/A"	"88447965"
"1317"	"付属"	"ふぞく"	"[1] being attached (to); being affiliated (to); belonging (to); going with [2] attached school; affiliated school"	"N/A"	"88447965"
"1318"	"蓋"	"ふた"	"cover; lid; cap"	"2375"	"88447965"
"1319"	"不通"	"ふつう"	"suspension; interruption; stoppage; tie-up; cessation"	"N/A"	"88447965"
"1320"	"船便"	"ふなびん"	"[1] surface mail (by ship); sea mail [2] ferry service; steamer service"	"N/A"	"88447965"
"1321"	"吹雪"	"ふぶき"	"snow storm; blizzard"	"N/A"	"88447965"
"1322"	"父母"	"ふぼ"	"father and mother; parents"	"N/A"	"88447965"
"1323"	"踏切"	"ふみきり"	"[1] railway crossing; railroad crossing; train crossing; level crossing [2] starting line; scratch [3] determination"	"N/A"	"88447965"
"1324"	"麓"	"ふもと"	"[1] foot (of a mountain or hill); bottom; base [2] Fumoto"	"N/A"	"88447965"
"1325"	"増やす"	"ふやす"	"to increase; to add to; to augment"	"1696"	"88447965"
"1326"	""	"フライパン"	"fry pan; frying pan"	"3203"	"88447965"
"1327"	"振り仮名"	"ふりがな"	"furigana; kana printed above or next to kanji to indicate pronunciation"	"N/A"	"88447965"
"1328"	""	"フリー"	"[1] free (of restraint, controls, etc.) [2] free (of charge) [3] freelance; independent"	"N/A"	"88447965"
"1329"	"振舞う"	"ふるまう"	"[1] to behave; to conduct oneself; to act [2] to treat (someone) to (food or drink); to entertain (e.g. to lunch)"	"N/A"	"88447965"
"1330"	"風呂敷"	"ふろしき"	"wrapping cloth; cloth wrapper"	"N/A"	"88447965"
"1331"	""	"ふわふわ"	"[1] lightly (floating, drifting, etc.); buoyantly [2] soft; fluffy; spongy [3] unsteadily; flightily; fickly; frivolously"	"N/A"	"88447965"
"1332"	"噴火"	"ふんか"	"eruption; volcanic eruption"	"N/A"	"88447965"
"1333"	"噴水"	"ふんすい"	"water fountain"	"N/A"	"88447965"
"1334"	"無沙汰"	"ぶさた"	"not writing or contacting for a while; neglecting to write (call, visit, etc.); failing to write (call, visit, etc.); long silence"	"N/A"	"88447965"
"1335"	"武士"	"ぶし"	"[1] samurai; warrior [2] Mononofu"	"4596"	"88447965"
"1336"	"部首"	"ぶしゅ"	"radical (of a kanji character)"	"N/A"	"88447965"
"1337"	"物騒"	"ぶっそう"	"dangerous; unsettled; troubled; disturbed; insecure"	"N/A"	"88447965"
"1338"	""	"ぶつかる"	"[1] to bump into; to run into; to collide with; to hit; to strike [2] to encounter; to meet with; to come upon; to face; to run up against; to be confronted with [3] to clash (of opinions, people, etc.); to conflict; to be at odds (with)"	"2536"	"88447965"
"1339"	"打付ける"	"ぶつける"	"[1] to hit (e.g. one's head); to strike; to knock; to run (into); to crash (into) [2] to throw (at); to fling (at); to hurl (at) [3] to vent (e.g. one's anger); to express (one's feelings); to throw (a question at someone)"	"4506"	"88447965"
"1340"	""	"ぶつぶつ"	"[1] grunt; grumble; complaint; mutter [2] pimples; spots; eruption; rash [3] cutting into small pieces"	"N/A"	"88447965"
"1341"	"部品"	"ぶひん"	"parts; accessories; components"	"4118"	"88447965"
"1342"	""	"ブラウス"	"blouse"	"N/A"	"88447965"
"1343"	"ぶら下げる"	"ぶらさげる"	"to hang; to suspend; to dangle; to swing; to carry"	"N/A"	"88447965"
"1344"	""	"ブラシ"	"brush"	"N/A"	"88447965"
"1345"	""	"ブローチ"	"[1] brooch [2] Broach"	"N/A"	"88447965"
"1346"	"分解"	"ぶんかい"	"[1] disassembly; dismantling; disaggregating; taking apart; breaking up; analysis; parsing [2] decomposition; resolution; disintegration; degradation [3] factorization"	"4525"	"88447965"
"1347"	"文献"	"ぶんけん"	"literature; books (reference); document"	"4697"	"88447965"
"1348"	"文芸"	"ぶんげい"	"[1] literature [2] the arts; art and literature; liberal arts"	"N/A"	"88447965"
"1349"	"分数"	"ぶんすう"	"fraction"	"N/A"	"88447965"
"1350"	"文体"	"ぶんたい"	"[1] literary style [2] form of (written) language (e.g. classical, modern)"	"N/A"	"88447965"
"1351"	"分布"	"ぶんぷ"	"distribution"	"4230"	"88447965"
"1352"	"文房具"	"ぶんぼうぐ"	"stationery"	"N/A"	"88447965"
"1353"	"文脈"	"ぶんみゃく"	"[1] context (of a passage); line of thought [2] context (of a matter, event, etc.); circumstances; background"	"N/A"	"88447965"
"1354"	"分量"	"ぶんりょう"	"[1] amount; quantity [2] measuring; weighing"	"4921"	"88447965"
"1355"	"分類"	"ぶんるい"	"classification; categorization; sorting"	"2542"	"88447965"
"1356"	""	"プラスチック"	"plastic"	"4963"	"88447965"
"1357"	""	"プラットホーム"	"platform"	"N/A"	"88447965"
"1358"	""	"プリント"	"[1] print; printing; (printed) copy [2] handout; flyer"	"N/A"	"88447965"
"1359"	""	"プログラム"	"[1] program (of events, music, etc.); programme [2] program (booklet); brochure; pamphlet [3] (computer) program; programming"	"2413"	"88447965"
"1360"	"閉会"	"へいかい"	"closure (of a ceremony, event, meeting, etc.)"	"N/A"	"88447965"
"1361"	"平気"	"へいき"	"[1] cool; calm; composed; unconcerned; nonchalant; unmoved; indifferent [2] all right; fine; OK; okay"	"2028"	"88447965"
"1362"	"並行"	"へいこう"	"[1] going side-by-side; going abreast [2] running concurrently; occurring at the same time; keeping pace with"	"N/A"	"88447965"
"1363"	"平日"	"へいじつ"	"[1] weekday; ordinary days (i.e. non-holiday) [2] kanji radical 73"	"3126"	"88447965"
"1364"	"兵隊"	"へいたい"	"soldier; sailor"	"N/A"	"88447965"
"1365"	"平凡"	"へいぼん"	"ordinary; common; commonplace; mediocre; unremarkable; undistinguished; uneventful"	"N/A"	"88447965"
"1366"	"平野"	"へいや"	"plain; open field"	"N/A"	"88447965"
"1367"	"凹む"	"へこむ"	"[1] to be dented; to be indented; to yield; to give; to sink; to collapse; to cave in [2] to be beaten; to be overwhelmed; to yield; to give in; to give up [3] to be disheartened; to feel down; to feel depressed"	"N/A"	"88447965"
"1368"	"臍"	"へそ"	"[1] navel; belly button [2] protrusion or depression in the middle of an object [3] center; centre; most important part; main point"	"N/A"	"88447965"
"1369"	"隔てる"	"へだてる"	"[1] to separate (by distance, time, etc.); to isolate; to partition; to divide [2] to interpose; to have between [3] to alienate; to estrange"	"N/A"	"88447965"
"1370"	""	"ヘリコプター"	"helicopter"	"N/A"	"88447965"
"1371"	"編集"	"へんしゅう"	"editing; compilation"	"3351"	"88447965"
"1372"	"別荘"	"べっそう"	"[1] holiday house; vacation home; villa [2] prison; jail"	"N/A"	"88447965"
"1373"	"別々"	"べつべつ"	"separate; respective; different"	"4115"	"88447965"
"1374"	""	"ベテラン"	"veteran (in a particular field); person with a lot of experience; old hand"	"N/A"	"88447965"
"1375"	"便所"	"べんじょ"	"toilet; lavatory; water closet; restroom; bathroom"	"N/A"	"88447965"
"1376"	""	"ペンチ"	"cutting pliers; lineman's pliers; combination pliers"	"N/A"	"88447965"
"1377"	"方角"	"ほうがく"	"[1] direction; way [2] point of the compass; cardinal direction; bearing [3] method; means; approach"	"N/A"	"88447965"
"1378"	"箒"	"ほうき"	"broom"	"N/A"	"88447965"
"1379"	"方言"	"ほうげん"	"dialect; provincialism"	"3600"	"88447965"
"1380"	"方針"	"ほうしん"	"[1] policy; course; plan (of action); principle [2] magnetic needle"	"2393"	"88447965"
"1381"	"包装"	"ほうそう"	"packing; wrapping"	"N/A"	"88447965"
"1382"	"法則"	"ほうそく"	"law; rule"	"2981"	"88447965"
"1383"	"包帯"	"ほうたい"	"bandage; dressing"	"N/A"	"88447965"
"1384"	"包丁"	"ほうちょう"	"[1] kitchen knife [2] cooking; food"	"4079"	"88447965"
"1385"	"方程式"	"ほうていしき"	"[1] equation; formula [2] method for solving a problem; set way of achieving a particular result"	"N/A"	"88447965"
"1386"	"方面"	"ほうめん"	"[1] direction; district; area [2] field (e.g. of study); sphere; quarter; aspect; angle"	"N/A"	"88447965"
"1387"	"放る"	"ほうる"	"[1] to throw; to fling; to hurl; to toss [2] to neglect; to abandon; to leave alone; to give up on; to leave undone; to leave unfinished"	"3912"	"88447965"
"1388"	"朗らか"	"ほがらか"	"[1] cheerful; merry; sunny; melodious [2] bright (sky, day, etc.); fine; clear"	"N/A"	"88447965"
"1389"	"保健"	"ほけん"	"[1] preservation of health; hygiene; sanitation [2] health education (school subject)"	"N/A"	"88447965"
"1390"	"干す"	"ほす"	"[1] to air; to dry; to desiccate [2] to drain (off) [3] to drink up"	"3706"	"88447965"
"1391"	"北極"	"ほっきょく"	"[1] North Pole [2] the Arctic [3] Hokkyoku"	"N/A"	"88447965"
"1392"	"解く"	"ほどく"	"to undo; to untie; to unfasten; to unlace; to unravel; to loosen; to unpack"	"N/A"	"88447965"
"1393"	"彫る"	"ほる"	"[1] to carve; to engrave; to sculpt; to chisel [2] to tattoo"	"N/A"	"88447965"
"1394"	"掘る"	"ほる"	"[1] to dig; to excavate; to hollow [2] to delve into [3] to dig up (e.g. vegetables)"	"3106"	"88447965"
"1395"	"本来"	"ほんらい"	"[1] originally; primarily [2] essentially; intrinsically; naturally; by nature; in (and of) itself [3] proper; rightful; legal; normal"	"1153"	"88447965"
"1396"	"望遠鏡"	"ぼうえんきょう"	"telescope"	"N/A"	"88447965"
"1397"	"坊さん"	"ぼうさん"	"[1] Buddhist priest; monk [2] boy"	"N/A"	"88447965"
"1398"	"防止"	"ぼうし"	"prevention; check"	"2738"	"88447965"
"1399"	"膨大"	"ぼうだい"	"[1] huge; vast; enormous; colossal; extensive; large [2] swelling; expansion"	"3684"	"88447965"
"1400"	"防犯"	"ぼうはん"	"[1] prevention of crime [2] security (device, camera, etc.)"	"N/A"	"88447965"
"1401"	"坊や"	"ぼうや"	"[1] boy; son; child [2] mere boy; stripling; greenhorn"	"N/A"	"88447965"
"1402"	"牧場"	"ぼくじょう"	"[1] farm (livestock); stock farm; ranch; station [2] pasture; meadow; grazing land"	"N/A"	"88447965"
"1403"	"牧畜"	"ぼくちく"	"stock-farming; livestock farming; cattle breeding"	"N/A"	"88447965"
"1404"	"募集"	"ぼしゅう"	"[1] recruitment; invitation; selection; advertisement; taking applications [2] raising (funds, donations, etc.); collection; subscription; solicitation [3] flotation (of shares, loans, etc.)"	"2120"	"88447965"
"1405"	"襤褸"	"ぼろ"	"[1] rag; old cloth [2] tattered clothes; ragged clothes; rags [3] fault (one is trying to hide); defect; weakness"	"N/A"	"88447965"
"1406"	"盆地"	"ぼんち"	"basin (e.g. between mountains)"	"N/A"	"88447965"
"1407"	""	"ボーナス"	"bonus"	"N/A"	"88447965"
"1408"	""	"ポスター"	"poster"	"4658"	"88447965"
"1409"	""	"まあまあ"	"[1] so-so; passable; not (so) bad; reasonable [2] now, now; there, there; there now [3] my, my; oh my!; dear me!"	"5000"	"88447965"
"1410"	"枚数"	"まいすう"	"[1] the number of flat things [2] win-loss difference which influences the ranking of wrestlers"	"N/A"	"88447965"
"1411"	"毎度"	"まいど"	"[1] each time; always; often [2] thank you for your continued patronage"	"N/A"	"88447965"
"1412"	""	"マイナス"	"[1] minus; subtraction; taking away [2] negative (number) [3] deficit; loss"	"3183"	"88447965"
"1413"	"巻く"	"まく"	"[1] to wind; to coil; to roll; to wear (e.g. turban, scarf) [2] to envelope; to shroud [3] to outflank; to skirt"	"1968"	"88447965"
"1414"	"撒く"	"まく"	"[1] to scatter; to sprinkle; to strew [2] to distribute (flyers, etc.); to give out; to hand out [3] to shake off (a pursuer, companion, etc.); to give the slip; to throw off; to lose; to get rid of"	"4549"	"88447965"
"1415"	"枕"	"まくら"	"[1] pillow; bolster [2] introduction (e.g. to a rakugo story); lead-in"	"N/A"	"88447965"
"1416"	"曲げる"	"まげる"	"[1] to bend; to crook; to bow; to curve; to curl [2] to lean; to tilt; to incline; to slant [3] to bend (the truth); to distort; to twist; to pervert"	"4091"	"88447965"
"1417"	""	"まごまご"	"confused; flustered; at a loss"	"N/A"	"88447965"
"1418"	"摩擦"	"まさつ"	"[1] friction [2] rubbing; chafing [3] discord; friction; strife; conflict"	"N/A"	"88447965"
"1419"	"混ざる"	"まざる"	"to be mixed; to be blended with; to associate with; to mingle with; to join"	"N/A"	"88447965"
"1420"	"混じる"	"まじる"	"[1] to be mixed; to be blended with; to be combined [2] to associate with; to mingle with; to interest; to join"	"N/A"	"88447965"
"1421"	""	"マスク"	"[1] (face) mask [2] (facial) features; looks [3] mask (e.g. for circuit etching)"	"N/A"	"88447965"
"1422"	"交ぜる"	"まぜる"	"to mix; to stir; to blend"	"1377"	"88447965"
"1423"	"混ぜる"	"まぜる"	"to mix; to stir; to blend"	"N/A"	"88447965"
"1424"	"跨ぐ"	"またぐ"	"[1] to step over; to step across; to stride over; to stride across; to cross [2] to stretch over; to span; to bridge; to saddle; to straddle"	"N/A"	"88447965"
"1425"	"待合室"	"まちあいしつ"	"waiting room"	"N/A"	"88447965"
"1426"	"待ち合わせる"	"まちあわせる"	"to rendezvous; to meet at a prearranged place and time; to arrange to meet"	"N/A"	"88447965"
"1427"	"街角"	"まちかど"	"street corner"	"N/A"	"88447965"
"1428"	"真っ暗"	"まっくら"	"[1] pitch-dark; pitch-black; completely dark [2] very bleak (future); utterly hopeless"	"4361"	"88447965"
"1429"	"真っ黒"	"まっくろ"	"pitch black"	"4537"	"88447965"
"1430"	"真っ青"	"まっさお"	"[1] deep blue; bright blue [2] ghastly pale; pallid; white as a sheet"	"N/A"	"88447965"
"1431"	"真っ先"	"まっさき"	"the head; the foremost; beginning; the very front"	"N/A"	"88447965"
"1432"	"真っ白"	"まっしろ"	"[1] pure white [2] blank (e.g. mind, paper)"	"3819"	"88447965"
"1433"	"祭る"	"まつる"	"[1] to deify; to enshrine [2] to pray; to worship"	"4305"	"88447965"
"1434"	"纏まる"	"まとまる"	"[1] to find resolution; to be settled; to be agreed on; to be completed [2] to be collected; to be assembled; to be brought together [3] to be well arranged; to be in order; to be unified; to take shape; to be coherent"	"3068"	"88447965"
"1435"	"纏める"	"まとめる"	"[1] to collect; to put (it all) together; to integrate; to consolidate; to unify [2] to summarize; to aggregate [3] to bring to a conclusion; to finalize; to settle; to put in order"	"1067"	"88447965"
"1436"	"窓口"	"まどぐち"	"[1] counter; window; teller window; ticket window [2] contact person; point of contact"	"3596"	"88447965"
"1437"	"真似る"	"まねる"	"to mimic; to imitate"	"N/A"	"88447965"
"1438"	""	"マフラー"	"[1] (thick) scarf; muffler [2] muffler (for a vehicle exhaust); silencer"	"N/A"	"88447965"
"1439"	"眩しい"	"まぶしい"	"dazzling; radiant"	"N/A"	"88447965"
"1440"	"瞼"	"まぶた"	"eyelid"	"N/A"	"88447965"
"1441"	"間もなく"	"まもなく"	"[1] soon; shortly; before long; in a short time; in a little while [2] having no time to ...; with no time to ..."	"N/A"	"88447965"
"1442"	""	"マラソン"	"marathon; long-distance race"	"3793"	"88447965"
"1443"	"稀"	"まれ"	"rare; seldom"	"3782"	"88447965"
"1444"	"回り道"	"まわりみち"	"detour; circuitous route; diversion"	"N/A"	"88447965"
"1445"	"満員"	"まんいん"	"full house; no vacancy; sold out; standing room only; full (of people); crowded"	"N/A"	"88447965"
"1446"	""	"マンション"	"condominium (usu. mid or high-rise); apartment building; apartment house; block of flats; apartment; flat"	"1106"	"88447965"
"1447"	"満点"	"まんてん"	"[1] perfect score; full marks [2] perfect; entirely satisfactory; excellent"	"N/A"	"88447965"
"1448"	"見送る"	"みおくる"	"[1] to see (someone) off; to escort [2] to watch (someone or something) go out of sight; to follow with one's eyes; to gaze after [3] to let (a bus, pitch, etc.) go by; to let pass; to pass up (an opportunity)"	"4070"	"88447965"
"1449"	"見下ろす"	"みおろす"	"[1] to overlook; to command a view of; to look down on [2] to despise; to look down on"	"4695"	"88447965"
"1450"	"見かけ"	"みかけ"	"[1] outward appearance [2] apparent"	"N/A"	"88447965"
"1451"	""	"ミシン"	"sewing machine"	"N/A"	"88447965"
"1452"	"惨め"	"みじめ"	"miserable; wretched; unhappy; sad; pitiable"	"N/A"	"88447965"
"1453"	"店屋"	"みせや"	"store; shop"	"N/A"	"88447965"
"1454"	"見出し"	"みだし"	"[1] heading; headline; title; caption [2] index [3] headword"	"N/A"	"88447965"
"1455"	"道順"	"みちじゅん"	"route; way; course; directions"	"N/A"	"88447965"
"1456"	"見直す"	"みなおす"	"[1] to look at again [2] to re-examine (policy, estimate, plan, etc.); to review [3] to get a better opinion of; to see in a more positive light"	"2699"	"88447965"
"1457"	"見慣れる"	"みなれる"	"to get used to seeing; to become accustomed to seeing; to be familiar with"	"N/A"	"88447965"
"1458"	"醜い"	"みにくい"	"[1] ugly; unattractive; bad-looking [2] unsightly; unseemly; disgraceful; shameful; dishonorable"	"N/A"	"88447965"
"1459"	"実る"	"みのる"	"[1] to bear fruit; to ripen [2] to produce (good) results; to show results; to bear fruit"	"N/A"	"88447965"
"1460"	"身分"	"みぶん"	"[1] (social) standing; status; position; rank [2] identity; birth; origin [3] one's circumstances; one's means"	"4334"	"88447965"
"1461"	"見本"	"みほん"	"[1] sample; specimen; pattern [2] model; example"	"N/A"	"88447965"
"1462"	"見舞う"	"みまう"	"[1] to visit and comfort or console; to go to see (e.g. someone in hospital); to ask after (e.g. someone's health); to inquire after [2] to attack; to hit; to strike; to deal (a punch)"	"N/A"	"88447965"
"1463"	"未満"	"みまん"	"less than; under; below"	"N/A"	"88447965"
"1464"	"苗字"	"みょうじ"	"[1] surname; family name; last name [2] Myouji"	"N/A"	"88447965"
"1465"	""	"ミリ"	"[1] milli-; 10^-3 [2] millimetre; millimeter"	"N/A"	"88447965"
"1466"	"診る"	"みる"	"to examine (medically); to have a look at; to check (a patient's pulse)"	"N/A"	"88447965"
"1467"	"民間"	"みんかん"	"[1] private; non-governmental; non-official; civilian; civil [2] folk; popular"	"2717"	"88447965"
"1468"	"民謡"	"みんよう"	"folk song; popular song"	"N/A"	"88447965"
"1469"	"剥く"	"むく"	"[1] to peel; to skin; to pare; to hull; to strip [2] to bare (teeth, fangs); to open wide (eyes)"	"N/A"	"88447965"
"1470"	"無限"	"むげん"	"[1] infinity; infinitude; eternity [2] infinite; limitless"	"N/A"	"88447965"
"1471"	"蒸し暑い"	"むしあつい"	"humid; sultry"	"N/A"	"88447965"
"1472"	"無地"	"むじ"	"plain; unfigured; patternless; solid (color)"	"N/A"	"88447965"
"1473"	"矛盾"	"むじゅん"	"contradiction; inconsistency"	"3370"	"88447965"
"1474"	"蒸す"	"むす"	"[1] to steam (food, towel, etc.) [2] to be hot and humid; to be sultry"	"N/A"	"88447965"
"1475"	"群れ"	"むれ"	"group; crowd; flock; herd; bevy; school; swarm; cluster (e.g. of stars); clump; pack (e.g. of dogs)"	"4406"	"88447965"
"1476"	"姪"	"めい"	"niece"	"N/A"	"88447965"
"1477"	"名作"	"めいさく"	"masterpiece; masterwork"	"N/A"	"88447965"
"1478"	"名刺"	"めいし"	"business card"	"N/A"	"88447965"
"1479"	"名詞"	"めいし"	"noun"	"N/A"	"88447965"
"1480"	"名所"	"めいしょ"	"famous place; noted place; place of (scenic or historical) interest; sights (to see)"	"N/A"	"88447965"
"1481"	"迷信"	"めいしん"	"superstition; superstitious belief"	"N/A"	"88447965"
"1482"	"命ずる"	"めいずる"	"[1] to order; to command [2] to appoint"	"2252"	"88447965"
"1483"	"名物"	"めいぶつ"	"famous product; special product; speciality; specialty"	"N/A"	"88447965"
"1484"	"銘々"	"めいめい"	"each; individual"	"N/A"	"88447965"
"1485"	"目上"	"めうえ"	"superior; superiors; senior"	"N/A"	"88447965"
"1486"	"恵まれる"	"めぐまれる"	"to be blessed with; to be rich in; to abound in"	"2244"	"88447965"
"1487"	"巡る"	"めぐる"	"[1] to go around; to make a circle around [2] to surround; to circle; to enclose [3] to come around (of a season, anniversary, turn, etc.); to return; to repeat; to circulate (of blood, money, etc.)"	"2473"	"88447965"
"1488"	"目指す"	"めざす"	"[1] to aim at (for, to do, to become); to try for; to have an eye on [2] to go toward; to head for"	"856"	"88447965"
"1489"	"目覚まし"	"めざまし"	"[1] alarm clock [2] waking up; keeping oneself awake [3] early-morning treat (traditionally given to children in some parts of Japan); wake-up sweet"	"N/A"	"88447965"
"1490"	"目下"	"めした"	"subordinate; subordinates; inferior; inferiors; junior"	"N/A"	"88447965"
"1491"	"目印"	"めじるし"	"[1] mark (for quick identification or recognition); sign [2] landmark; guide [3] trademark"	"N/A"	"88447965"
"1492"	"目立つ"	"めだつ"	"to be conspicuous; to stand out"	"1690"	"88447965"
"1493"	"滅茶苦茶"	"めちゃくちゃ"	"[1] absurd; unreasonable; nonsensical; preposterous; incoherent [2] extreme; senseless; reckless; wanton [3] disorderly; chaotic; confused; messy"	"N/A"	"88447965"
"1494"	""	"めっきり"	"remarkably; noticeably; considerably; appreciably"	"N/A"	"88447965"
"1495"	"目出度い"	"めでたい"	"[1] happy; auspicious; propitious; joyous [2] naive"	"N/A"	"88447965"
"1496"	""	"メニュー"	"[1] menu [2] schedule; program; programme; course; services [3] menu"	"2016"	"88447965"
"1497"	"眩暈"	"めまい"	"dizziness; giddiness; vertigo"	"N/A"	"88447965"
"1498"	"目安"	"めやす"	"[1] criterion; standard; yardstick; reference; aim [2] rough estimate; approximation [3] Meyasu"	"3894"	"88447965"
"1499"	"面積"	"めんせき"	"area (measurement); square measure; size (of land); floor space"	"3505"	"88447965"
"1500"	"面接"	"めんせつ"	"interview (e.g. for a job)"	"1984"	"88447965"
"1501"	"面倒くさい"	"めんどくさい"	"bothersome; tiresome; bother to do"	"N/A"	"88447965"
"1502"	""	"メーター"	"[1] meter; gauge [2] metre (unit of length); meter"	"N/A"	"88447965"
"1503"	"儲かる"	"もうかる"	"to be profitable; to yield a profit"	"4712"	"88447965"
"1504"	"儲ける"	"もうける"	"[1] to profit; to get; to earn; to gain [2] to have (bear, beget) a child [3] to have a stroke of luck"	"4502"	"88447965"
"1505"	"申し訳ない"	"もうしわけない"	"[1] I'm sorry; (it's) inexcusable; I feel regretful; I feel guilty [2] thank you very much (for help, etc.)"	"N/A"	"88447965"
"1506"	"木材"	"もくざい"	"[1] lumber; timber; wood [2] Mokuzai"	"N/A"	"88447965"
"1507"	"目次"	"もくじ"	"table of contents; contents"	"N/A"	"88447965"
"1508"	"潜る"	"もぐる"	"[1] to dive (into or under water) [2] to get under; to get into; to get in; to creep into; to crawl under; to bury oneself; to burrow into; to dig oneself into; to snuggle under [3] to hide oneself (esp. from the government); to conceal oneself; to go underground"	"3386"	"88447965"
"1509"	"若しかしたら"	"もしかしたら"	"perhaps; maybe; perchance; by some chance; by any chance"	"N/A"	"88447965"
"1510"	"若しかすると"	"もしかすると"	"perhaps; possibly; maybe; by some chance"	"N/A"	"88447965"
"1511"	"凭れる"	"もたれる"	"[1] to lean against; to lean on; to recline on [2] to lie heavy (on the stomach); to be uneasily digested"	"N/A"	"88447965"
"1512"	""	"モダン"	"[1] modern [2] lug arm tips (on glasses); temple tips"	"N/A"	"88447965"
"1513"	"餅"	"もち"	"mochi; small rice cake made from glutinous rice"	"4616"	"88447965"
"1514"	"勿体ない"	"もったいない"	"[1] wasteful; a waste [2] too good; more than one deserves; unworthy of [3] impious; profane; sacrilegious"	"3271"	"88447965"
"1515"	""	"モデル"	"[1] model; dummy; mock-up [2] model (profession); fashion model [3] model (of a vehicle, machine, etc.); version"	"2116"	"88447965"
"1516"	"元々"	"もともと"	"[1] originally; from the start; from the beginning; from the outset; by nature [2] none the worse (for); (coming out) even; in the same position (as before)"	"711"	"88447965"
"1517"	"物置"	"ものおき"	"storage room; storeroom; lumber room"	"N/A"	"88447965"
"1518"	"物語る"	"ものがたる"	"[1] to tell (a story); to give an account of (an event, experience, etc.); to relate; to recount [2] to tell of; to show; to indicate; to prove; to attest to"	"N/A"	"88447965"
"1519"	"物差し"	"ものさし"	"ruler; measure"	"N/A"	"88447965"
"1520"	"物凄い"	"ものすごい"	"[1] terrific; staggering; tremendous; incredible; extreme [2] frightful; ghastly; horrific; terrible; awful; gruesome; eerie"	"696"	"88447965"
"1521"	""	"モノレール"	"monorail"	"N/A"	"88447965"
"1522"	"揉む"	"もむ"	"[1] to rub; to crumple [2] to massage [3] to argue; to have a heated discussion"	"N/A"	"88447965"
"1523"	"燃やす"	"もやす"	"[1] to burn [2] to burn with (emotion, feeling); to be fired up"	"3816"	"88447965"
"1524"	"催し"	"もよおし"	"event; festivities; function; social gathering; auspices; opening; holding (a meeting)"	"N/A"	"88447965"
"1525"	"盛る"	"もる"	"[1] to serve (in a bowl, on a plate, etc.); to dish out; to dish up; to fill (a bowl) with [2] to pile up; to heap up; to fill up; to stack up [3] to administer (medicine, poison); to dose out; to prescribe"	"4303"	"88447965"
"1526"	"問答"	"もんどう"	"questions and answers; dialogue"	"N/A"	"88447965"
"1527"	""	"モーター"	"motor"	"N/A"	"88447965"
"1528"	"喧しい"	"やかましい"	"[1] noisy; loud; clamorous; boisterous [2] much talked of; much-discussed; vexed [3] strict; severe; stern"	"N/A"	"88447965"
"1529"	"夜間"	"やかん"	"night; nighttime"	"N/A"	"88447965"
"1530"	"役者"	"やくしゃ"	"[1] actor; actress [2] man of wits; clever person; cunning fellow"	"2640"	"88447965"
"1531"	"役所"	"やくしょ"	"government office; public office"	"4435"	"88447965"
"1532"	"訳す"	"やくす"	"to translate; to interpret"	"4110"	"88447965"
"1533"	"役人"	"やくにん"	"[1] government official [2] Yakunin"	"N/A"	"88447965"
"1534"	"薬品"	"やくひん"	"medicine; chemicals"	"N/A"	"88447965"
"1535"	"役目"	"やくめ"	"duty; role; function"	"3408"	"88447965"
"1536"	"火傷"	"やけど"	"burn; scald"	"N/A"	"88447965"
"1537"	"夜行"	"やこう"	"[1] walking around at night; night travel [2] night train"	"N/A"	"88447965"
"1538"	"矢印"	"やじるし"	"[1] arrow (symbol) [2] (romantic) interest (for a certain person); direction (of one's attention, etc.)"	"N/A"	"88447965"
"1539"	"薬局"	"やっきょく"	"[1] pharmacy; drugstore; chemist's (shop) [2] hospital pharmacy; dispensary"	"N/A"	"88447965"
"1540"	"遣っ付ける"	"やっつける"	"to beat; to attack (an enemy); to do away with; to finish off"	"N/A"	"88447965"
"1541"	"矢っ張り"	"やっぱり"	"[1] as expected; sure enough; just as one thought [2] after all (is said and done); in the end; as one would expect; in any case [3] too; also; as well; likewise; (not) either"	"75"	"88447965"
"1542"	"家主"	"やぬし"	"[1] landlord; landlady [2] house owner; home owner; head of the household"	"N/A"	"88447965"
"1543"	"破く"	"やぶく"	"to tear; to rip"	"N/A"	"88447965"
"1544"	"破れる"	"やぶれる"	"[1] to get torn; to tear; to rip; to break; to wear out [2] to be broken off (of negotiations, etc.); to break down; to collapse; to fall into ruin"	"N/A"	"88447965"
"1545"	"やむを得ない"	"やむをえない"	"cannot be helped; unavoidable"	"N/A"	"88447965"
"1546"	"遊園地"	"ゆうえんち"	"[1] amusement park [2] Yuuenchi"	"4886"	"88447965"
"1547"	"夕刊"	"ゆうかん"	"evening paper"	"N/A"	"88447965"
"1548"	"友好"	"ゆうこう"	"friendship"	"N/A"	"88447965"
"1549"	"郵送"	"ゆうそう"	"mailing; posting"	"4428"	"88447965"
"1550"	"夕立"	"ゆうだち"	"(sudden, heavy) shower (on a summer afternoon or evening); evening shower"	"N/A"	"88447965"
"1551"	"夕日"	"ゆうひ"	"evening sun; setting sun"	"4214"	"88447965"
"1552"	"悠々"	"ゆうゆう"	"[1] quiet; calm; leisurely; composed [2] easily; comfortably; without difficulty [3] distant; far-off; boundless; endless; eternal"	"N/A"	"88447965"
"1553"	"有料"	"ゆうりょう"	"[1] fee-charging; paid; not free [2] toll road"	"N/A"	"88447965"
"1554"	"浴衣"	"ゆかた"	"yukata (light cotton kimono worn in the summer or used as a bathrobe)"	"4397"	"88447965"
"1555"	"輸血"	"ゆけつ"	"blood transfusion"	"N/A"	"88447965"
"1556"	"湯気"	"ゆげ"	"steam; vapour; vapor"	"N/A"	"88447965"
"1557"	"輸送"	"ゆそう"	"transport; transportation; transit; conveyance"	"N/A"	"88447965"
"1558"	"油断"	"ゆだん"	"negligence; carelessness; inattention; unpreparedness"	"N/A"	"88447965"
"1559"	"茹でる"	"ゆでる"	"[1] to boil (something in hot water) [2] to treat with medicinal steam (a swelling, etc.)"	"2617"	"88447965"
"1560"	"湯のみ"	"ゆのみ"	"teacup"	"N/A"	"88447965"
"1561"	"緩い"	"ゆるい"	"[1] loose [2] lenient; lax [3] gentle (curve, slope, etc.)"	"N/A"	"88447965"
"1562"	"溶岩"	"ようがん"	"[1] lava [2] Yougan"	"N/A"	"88447965"
"1563"	"容器"	"ようき"	"container; receptacle; vessel; packaging"	"4576"	"88447965"
"1564"	"用語"	"ようご"	"[1] term; terminology [2] wording; choice of words; phraseology"	"N/A"	"88447965"
"1565"	"要旨"	"ようし"	"(main) point; gist; key points; essentials; substance; summary; outline; abstract"	"N/A"	"88447965"
"1566"	"幼児"	"ようじ"	"[1] young child; toddler [2] child over 1 but not yet of school age"	"4159"	"88447965"
"1567"	"容積"	"ようせき"	"capacity; volume"	"N/A"	"88447965"
"1568"	"幼稚"	"ようち"	"[1] infancy [2] childish; infantile; immature; primitive"	"N/A"	"88447965"
"1569"	"幼稚園"	"ようちえん"	"kindergarten (in Japan, non-compulsory education from age 3 until primary school); preschool"	"1478"	"88447965"
"1570"	"用途"	"ようと"	"use; service; purpose"	"4647"	"88447965"
"1571"	"洋品店"	"ようひんてん"	"shop that handles Western-style apparel and accessories"	"N/A"	"88447965"
"1572"	"養分"	"ようぶん"	"nutrient; nourishment"	"N/A"	"88447965"
"1573"	"羊毛"	"ようもう"	"wool"	"N/A"	"88447965"
"1574"	"漸く"	"ようやく"	"[1] finally; at last [2] barely; narrowly; hardly; only just [3] gradually; little by little; by degrees"	"1279"	"88447965"
"1575"	"要領"	"ようりょう"	"[1] point; gist; essentials; tenets; outline [2] knack; trick; the ropes"	"N/A"	"88447965"
"1576"	"欲張り"	"よくばり"	"greed; avarice; covetousness; greedy person"	"N/A"	"88447965"
"1577"	"余計"	"よけい"	"[1] extra; more; too much; too many; excessive; superfluous; spare; surplus [2] unnecessary; needless; uncalled-for; unwanted; uninvited [3] all the more; even more"	"2117"	"88447965"
"1578"	"寄越す"	"よこす"	"[1] to send; to forward [2] to hand over (e.g. money)"	"N/A"	"88447965"
"1579"	"汚す"	"よごす"	"[1] to pollute; to contaminate; to soil; to make dirty; to stain [2] to disgrace; to dishonour; to dishonor; to defile"	"N/A"	"88447965"
"1580"	"寄せる"	"よせる"	"[10] to press; to push; to force [11] to include; to welcome (in a group); to let in [1] to come near; to let someone approach"	"2369"	"88447965"
"1581"	"余所"	"よそ"	"[1] another place; somewhere else; strange parts [2] outside (one's family or group); someone else; other people [3] not caring for; being indifferent to; taking little notice of; ignoring; neglecting"	"4054"	"88447965"
"1582"	"酔っ払い"	"よっぱらい"	"drunkard"	"N/A"	"88447965"
"1583"	"四つ角"	"よつかど"	"[1] four corners [2] crossroads; intersecting street; street corner"	"N/A"	"88447965"
"1584"	"予備"	"よび"	"[1] reserve; spare [2] preparation; preliminaries"	"N/A"	"88447965"
"1585"	"呼びかける"	"よびかける"	"[1] to call out to; to hail; to address [2] to appeal (e.g. to the public); to urge; to exhort; to advise"	"4046"	"88447965"
"1586"	"呼び出す"	"よびだす"	"[1] to call (someone) to (the door, phone, etc.); to tell (someone) to come; to call up (on the phone); to summon; to page; to invoke (e.g. a spirit) [2] to invoke (e.g. a subroutine); to call; to open (e.g. a file)"	"3990"	"88447965"
"1587"	"蘇る"	"よみがえる"	"[1] to be resurrected; to be resuscitated; to be rehabilitated; to be revived; to be refreshed; to be restored [2] to be recalled (e.g. memories); to be brought back"	"3905"	"88447965"
"1588"	"依る"	"よる"	"[1] to be due to; to be caused by [2] to depend on; to turn on [3] to be based on; to come from"	"N/A"	"88447965"
"1589"	"来日"	"らいにち"	"coming to Japan; visit to Japan; arrival in Japan"	"N/A"	"88447965"
"1590"	"落第"	"らくだい"	"[1] failure (in an examination); failing to advance (to the next year) [2] falling short of the standard; not making the grade"	"N/A"	"88447965"
"1591"	""	"ラッシュアワー"	"rush hour"	"N/A"	"88447965"
"1592"	""	"ランチ"	"[1] lunch [2] (Western-style) single-plate lunch set; plate lunch; lunch set"	"N/A"	"88447965"
"1593"	""	"ランニング"	"[1] running [2] tank top (worn as an undergarment or sportswear); vest; singlet"	"N/A"	"88447965"
"1594"	"乱暴"	"らんぼう"	"[1] violence; assault; rowdiness; wildness; running riot [2] rough (handling, language, etc.); reckless; careless; coarse; rude; unreasonable (e.g. demand); wild (e.g. argument) [3] rape; sexual assault"	"N/A"	"88447965"
"1595"	"理科"	"りか"	"[1] science (inc. mathematics, medicine, etc.); natural science [2] science department (university); science course [3] science (as a school subject)"	"N/A"	"88447965"
"1596"	"利害"	"りがい"	"advantages and disadvantages; interests (of parties)"	"N/A"	"88447965"
"1597"	""	"リズム"	"rhythm"	"2746"	"88447965"
"1598"	""	"リットル"	"litre; liter"	"N/A"	"88447965"
"1599"	""	"リボン"	"ribbon"	"N/A"	"88447965"
"1600"	"略す"	"りゃくす"	"[1] to abbreviate; to abridge; to shorten [2] to omit; to leave out [3] to take; to capture; to steal"	"N/A"	"88447965"
"1601"	"流域"	"りゅういき"	"drainage basin; catchment basin; river basin; watershed; valley"	"N/A"	"88447965"
"1602"	"寮"	"りょう"	"[1] hostel; dormitory [2] bureau (government department beneath a ministry under the ritsuryō system) [3] tea-ceremony room"	"N/A"	"88447965"
"1603"	"両側"	"りょうがわ"	"both sides"	"4615"	"88447965"
"1604"	"漁師"	"りょうし"	"fisherman"	"N/A"	"88447965"
"1605"	"領収"	"りょうしゅう"	"receipt (of money); receiving"	"N/A"	"88447965"
"1606"	"領事"	"りょうじ"	"consul"	"N/A"	"88447965"
"1607"	"留守番"	"るすばん"	"[1] care-taking; house-sitting; house-watching; staying at home [2] caretaker; house-sitter"	"N/A"	"88447965"
"1608"	"例外"	"れいがい"	"exception"	"3881"	"88447965"
"1609"	"零点"	"れいてん"	"[1] zero (points, marks); no marks [2] zero (of a function); root [3] zero degrees (Celsius); freezing point"	"N/A"	"88447965"
"1610"	""	"レインコート"	"raincoat; mackintosh; macintosh; trench coat"	"N/A"	"88447965"
"1611"	""	"レクリエーション"	"[1] recreation [2] re-creation"	"N/A"	"88447965"
"1612"	""	"レジャー"	"leisure"	"N/A"	"88447965"
"1613"	"列島"	"れっとう"	"archipelago; chain of islands"	"N/A"	"88447965"
"1614"	""	"レベル"	"[1] level; standard; grade; class; rank [2] level (amount or quantity) [3] level (plane)"	"1252"	"88447965"
"1615"	"煉瓦"	"れんが"	"brick"	"N/A"	"88447965"
"1616"	""	"レンズ"	"lens"	"4363"	"88447965"
"1617"	"蝋燭"	"ろうそく"	"candle"	"N/A"	"88447965"
"1618"	"録音"	"ろくおん"	"(audio) recording"	"3807"	"88447965"
"1619"	""	"ロッカー"	"[1] locker [2] rocker"	"N/A"	"88447965"
"1620"	""	"ロビー"	"lobby; lounge"	"N/A"	"88447965"
"1621"	"論ずる"	"ろんずる"	"[1] to discuss; to talk about; to deal with (a topic) [2] to argue; to dispute [3] to take into consideration; to make an issue of"	"3548"	"88447965"
"1622"	"ローマ字"	"ローマじ"	"[1] Latin alphabet; Roman alphabet [2] romaji; romanized Japanese; system of transliterating Japanese into the Latin alphabet"	"N/A"	"88447965"
"1623"	""	"ローンチ"	"launch (of a product, service, etc.)"	"N/A"	"88447965"
"1624"	"和英"	"わえい"	"[1] Japanese-English [2] Japanese-English dictionary"	"N/A"	"88447965"
"1625"	"分かれる"	"わかれる"	"[1] to branch; to fork; to diverge [2] to separate; to split; to divide [3] to disperse; to scatter"	"1467"	"88447965"
"1626"	"若々しい"	"わかわかしい"	"youthful; young; young-looking"	"N/A"	"88447965"
"1627"	"湧く"	"わく"	"[1] to well (up); to gush out (of water); to spring out; to surge [2] to appear (esp. suddenly) (sweat, tears, etc.); to sweat; to cry [3] to feel emotions (e.g. joy, bravery, etc.); to spring up (e.g. an idea, emotions, clouds); to well up; to arise"	"N/A"	"88447965"
"1628"	"詫びる"	"わびる"	"to apologize; to apologise; to make an apology"	"N/A"	"88447965"
"1629"	"和服"	"わふく"	"Japanese clothes"	"N/A"	"88447965"
"1630"	"割合に"	"わりあいに"	"comparatively"	"N/A"	"88447965"
"1631"	"割り算"	"わりざん"	"division"	"N/A"	"88447965"
"1632"	"割と"	"わりと"	"comparatively; relatively; fairly; rather; pretty; unexpectedly"	"625"	"88447965"
"1633"	"割引"	"わりびき"	"[1] discount; reduction; rebate [2] tenths discounted; tenths reduced"	"N/A"	"88447965"
"1634"	"椀"	"わん"	"[1] bowl (wooden) [2] counter for bowls of food or drink"	"N/A"	"88447965"
"1635"	"碗"	"わん"	"[1] bowl (ceramic, porcelain) [2] counter for bowls of food or drink"	"N/A"	"88447965"
